run_id,timestamp,lidar_min,lidar_max,ultrasonic_left,ultrasonic_right,x,y,orientation,battery_level,collision_flag,path_smoothness,time_taken,target
1,0,0.76,3.04,0.97,1.63,0.13,0.1,316.54,98.9,0,0.83,34,timeout
1,1,2.16,4.84,0.95,0.82,0.14,0.43,253.94,98.32,0,0.83,34,timeout
1,2,1.48,4.97,1.11,1.37,0.17,0.88,108.54,97.96,0,0.83,34,timeout
1,3,0.66,4.32,1.24,0.86,0.46,1.24,314.48,97.26,0,0.83,34,timeout
1,4,0.34,4.96,1.46,1.86,0.59,1.41,233.75,96.87,0,0.83,34,timeout
1,5,0.82,4.91,1.16,1.55,0.81,1.48,288.48,95.72,0,0.83,34,timeout
1,6,0.44,4.78,1.61,0.59,1.12,1.49,174.63,95.35,0,0.83,34,timeout
1,7,0.64,4.91,0.78,1.69,1.49,1.54,123.31,94.63,0,0.83,34,timeout
1,8,1.67,3.98,1.37,1.45,1.59,1.67,175.39,93.79,0,0.83,34,timeout
1,9,0.7,2.93,1.73,0.94,1.78,2.14,107.0,93.14,0,0.83,34,timeout
1,10,1.63,4.12,0.47,1.8,2.11,2.61,173.65,92.3,0,0.83,34,timeout
1,11,0.75,4.67,1.54,1.8,2.43,2.78,63.5,91.63,0,0.83,34,timeout
1,12,0.73,4.83,1.2,0.2,2.49,3.17,187.22,91.0,0,0.83,34,timeout
1,13,0.39,4.52,0.58,0.41,2.7,3.66,181.28,90.7,0,0.83,34,timeout
1,14,1.84,4.78,1.4,0.99,2.94,4.06,158.4,90.19,0,0.83,34,timeout
1,15,0.36,4.69,0.36,1.64,3.26,4.47,96.58,89.34,0,0.83,34,timeout
1,16,0.82,3.83,1.33,0.52,3.6,4.89,111.75,88.87,0,0.83,34,timeout
1,17,1.61,4.89,0.62,0.95,3.75,5.37,315.23,88.22,0,0.83,34,timeout
1,18,0.39,4.95,0.11,1.69,4.17,5.47,258.01,87.19,0,0.83,34,timeout
1,19,1.11,4.9,0.76,1.03,4.43,5.62,229.04,86.42,0,0.83,34,timeout
1,20,0.71,4.08,0.4,0.19,4.66,5.72,44.88,85.34,0,0.83,34,timeout
1,21,0.68,3.99,1.22,0.67,5.06,5.78,244.39,84.77,0,0.83,34,timeout
1,22,0.69,4.98,1.77,0.78,5.12,5.87,326.09,84.29,0,0.83,34,timeout
1,23,0.42,4.62,0.8,0.44,5.25,6.2,295.85,83.34,0,0.83,34,timeout
1,24,0.37,4.69,1.96,1.97,5.73,6.48,175.99,82.54,0,0.83,34,timeout
1,25,1.31,4.6,0.34,0.58,5.96,6.64,339.88,81.78,0,0.83,34,timeout
1,26,1.67,4.34,1.08,1.04,6.21,6.68,343.87,81.39,0,0.83,34,timeout
1,27,1.13,4.87,1.16,0.3,6.4,6.89,45.64,80.66,0,0.83,34,timeout
1,28,0.54,4.07,1.62,1.38,6.44,7.35,99.94,79.86,0,0.83,34,timeout
1,29,0.98,3.61,0.24,0.97,6.84,7.47,154.64,79.35,0,0.83,34,timeout
1,30,2.72,4.81,1.61,1.17,7.05,7.94,85.05,78.66,0,0.83,34,timeout
1,31,0.66,4.72,0.82,0.43,7.32,7.98,321.28,77.95,0,0.83,34,timeout
1,32,0.61,4.57,1.32,1.83,7.35,8.3,150.85,77.57,0,0.83,34,timeout
1,33,0.61,5.0,0.16,1.12,7.82,8.36,151.85,77.02,0,0.83,34,timeout
2,0,1.69,4.2,1.83,1.55,0.33,0.33,250.99,99.59,0,0.22,31,success
2,1,0.41,3.78,0.33,0.22,0.6,0.8,258.84,99.23,0,0.22,31,success
2,2,0.62,4.69,1.97,0.89,0.67,0.82,73.55,98.91,0,0.22,31,success
2,3,0.5,4.47,1.84,0.84,0.73,1.29,165.85,98.47,0,0.22,31,success
2,4,0.66,4.84,1.03,1.95,0.77,1.38,15.71,97.81,0,0.22,31,success
2,5,2.16,3.87,0.13,0.41,0.87,1.47,235.86,97.45,0,0.22,31,success
2,6,0.34,4.04,1.52,1.42,1.35,1.85,51.0,97.15,0,0.22,31,success
2,7,0.51,4.05,0.84,1.78,1.77,2.13,24.89,96.73,0,0.22,31,success
2,8,0.95,4.98,0.17,0.97,2.26,2.15,81.32,96.1,0,0.22,31,success
2,9,0.36,4.74,1.27,1.55,2.51,2.38,29.3,95.42,0,0.22,31,success
2,10,0.95,4.33,1.87,0.4,2.6,2.83,84.34,94.5,0,0.22,31,success
2,11,0.88,3.99,1.87,0.49,2.89,3.08,210.43,94.15,0,0.22,31,success
2,12,0.52,4.64,0.93,2.0,3.06,3.12,225.8,93.5,0,0.22,31,success
2,13,1.55,4.23,1.28,0.88,3.37,3.51,135.95,92.42,0,0.22,31,success
2,14,0.64,4.24,1.97,1.54,3.6,3.54,73.17,91.91,0,0.22,31,success
2,15,0.7,4.75,1.52,0.76,3.8,3.57,141.12,91.14,0,0.22,31,success
2,16,0.64,4.82,0.32,0.25,4.25,3.67,1.7,90.55,0,0.22,31,success
2,17,0.63,4.87,1.25,1.94,4.27,4.01,127.05,89.92,0,0.22,31,success
2,18,1.56,4.89,1.64,1.91,4.4,4.39,274.94,89.26,0,0.22,31,success
2,19,1.61,4.61,0.52,1.61,4.53,4.79,147.4,88.14,0,0.22,31,success
2,20,0.98,4.76,0.86,1.63,4.55,4.93,240.79,87.8,0,0.22,31,success
2,21,1.33,4.43,0.72,0.51,4.79,5.26,157.09,87.1,0,0.22,31,success
2,22,0.6,4.59,0.85,0.45,5.2,5.39,131.27,86.18,0,0.22,31,success
2,23,0.93,4.79,1.86,0.31,5.69,5.6,243.49,85.32,0,0.22,31,success
2,24,0.53,4.65,1.49,0.56,5.93,6.09,222.15,84.23,0,0.22,31,success
2,25,1.18,4.83,1.49,1.76,6.24,6.39,250.94,83.49,0,0.22,31,success
2,26,1.26,4.21,0.24,1.61,6.54,6.88,51.64,82.59,0,0.22,31,success
2,27,0.3,4.61,1.06,0.33,6.89,7.21,245.25,81.46,0,0.22,31,success
2,28,0.59,3.81,1.32,1.46,7.2,7.35,349.86,80.69,0,0.22,31,success
2,29,0.88,4.91,1.67,0.54,7.27,7.58,203.69,80.11,0,0.22,31,success
2,30,0.5,4.07,0.11,1.76,7.62,7.61,41.04,79.13,0,0.22,31,success
3,0,0.43,4.46,2.0,0.38,0.44,0.41,287.14,98.92,0,0.48,22,success
3,1,0.87,4.93,1.96,0.3,0.48,0.71,75.75,98.08,0,0.48,22,success
3,2,0.89,4.4,1.05,0.12,0.78,0.87,134.62,97.25,0,0.48,22,success
3,3,2.35,4.15,0.53,1.15,1.21,1.35,242.55,96.12,0,0.48,22,success
3,4,0.41,4.48,0.58,0.49,1.67,1.39,33.68,95.39,0,0.48,22,success
3,5,1.58,4.63,1.4,1.75,1.71,1.53,256.62,94.64,0,0.48,22,success
3,6,0.96,4.47,0.51,0.62,2.13,1.74,212.33,94.16,0,0.48,22,success
3,7,0.49,4.56,0.3,0.66,2.58,1.98,156.47,93.06,0,0.48,22,success
3,8,1.43,4.73,1.43,1.09,2.99,2.26,187.0,92.5,0,0.48,22,success
3,9,0.31,4.78,1.32,1.35,3.06,2.54,42.21,91.35,0,0.48,22,success
3,10,0.51,4.69,0.92,1.7,3.4,2.83,161.73,90.57,0,0.48,22,success
3,11,0.35,4.19,1.68,0.41,3.64,3.03,5.38,89.82,0,0.48,22,success
3,12,0.63,4.93,0.68,0.42,4.04,3.03,333.89,88.93,0,0.48,22,success
3,13,0.56,4.99,1.51,1.98,4.33,3.28,283.63,88.34,0,0.48,22,success
3,14,0.38,4.88,1.25,0.75,4.8,3.45,194.37,87.95,0,0.48,22,success
3,15,0.32,4.66,1.37,1.32,5.27,3.57,191.84,87.52,0,0.48,22,success
3,16,0.49,4.91,1.84,1.39,5.67,3.94,66.03,86.42,0,0.48,22,success
3,17,0.43,4.4,0.52,1.51,5.7,4.03,40.03,85.77,0,0.48,22,success
3,18,0.83,3.77,0.91,1.67,6.0,4.48,247.26,84.76,0,0.48,22,success
3,19,0.59,4.95,1.36,1.41,6.07,4.94,78.2,84.02,0,0.48,22,success
3,20,0.53,4.89,1.56,0.23,6.44,5.07,115.04,83.63,0,0.48,22,success
3,21,1.54,4.97,1.14,0.45,6.53,5.34,103.22,82.82,0,0.48,22,success
4,0,0.81,4.88,0.32,1.25,0.45,0.04,155.05,98.87,0,0.89,27,collision
4,1,1.04,4.24,0.23,1.75,0.75,0.53,326.71,98.33,0,0.89,27,collision
4,2,1.51,4.36,0.12,0.73,0.96,0.94,264.34,97.17,0,0.89,27,collision
4,3,1.59,4.56,0.3,0.33,1.41,1.13,168.35,96.17,0,0.89,27,collision
4,4,1.52,3.74,1.34,0.36,1.53,1.44,52.29,95.28,0,0.89,27,collision
4,5,0.69,4.17,1.98,0.67,1.65,1.77,31.29,94.64,0,0.89,27,collision
4,6,0.63,4.35,1.3,1.55,1.73,1.99,177.19,93.94,0,0.89,27,collision
4,7,0.87,4.22,1.67,1.15,1.81,2.19,69.76,93.26,0,0.89,27,collision
4,8,1.82,4.76,1.83,1.77,1.89,2.61,30.91,92.27,0,0.89,27,collision
4,9,0.74,4.86,1.85,0.4,2.09,2.68,270.92,91.48,1,0.89,27,collision
4,10,1.03,4.46,0.75,1.21,2.23,3.03,359.53,90.39,0,0.89,27,collision
4,11,0.67,4.22,0.37,0.26,2.67,3.1,92.88,90.05,0,0.89,27,collision
4,12,0.33,4.84,1.73,1.08,2.8,3.37,277.91,89.2,0,0.89,27,collision
4,13,1.92,4.75,0.6,1.46,2.91,3.87,234.42,88.08,0,0.89,27,collision
4,14,0.73,4.68,0.96,1.45,3.03,4.25,108.69,87.54,1,0.89,27,collision
4,15,0.38,4.4,1.85,1.42,3.47,4.41,179.51,86.58,0,0.89,27,collision
4,16,0.6,4.15,1.19,0.97,3.73,4.71,258.68,85.43,0,0.89,27,collision
4,17,0.67,4.98,0.97,1.28,4.12,4.72,161.41,84.87,0,0.89,27,collision
4,18,1.44,4.73,0.8,1.0,4.54,4.74,319.05,84.2,0,0.89,27,collision
4,19,0.49,4.81,0.94,0.98,4.91,5.24,5.12,83.46,0,0.89,27,collision
4,20,0.8,4.97,0.76,0.49,5.14,5.49,39.71,82.79,0,0.89,27,collision
4,21,1.62,4.29,0.16,1.04,5.64,5.53,4.25,81.73,0,0.89,27,collision
4,22,0.34,4.84,1.42,0.67,5.95,5.69,35.39,81.21,0,0.89,27,collision
4,23,0.81,4.91,0.69,0.44,6.19,6.15,10.5,80.8,0,0.89,27,collision
4,24,0.76,4.91,1.6,1.66,6.42,6.48,95.91,80.33,0,0.89,27,collision
4,25,0.54,4.56,0.34,0.96,6.65,6.81,83.03,79.82,0,0.89,27,collision
4,26,0.86,4.92,1.13,0.92,6.91,7.01,61.7,78.8,0,0.89,27,collision
5,0,0.72,4.92,1.06,0.28,0.17,0.43,156.39,98.94,0,0.19,19,collision
5,1,1.35,4.84,0.65,1.09,0.36,0.82,248.17,97.74,0,0.19,19,collision
5,2,0.94,4.57,0.85,0.74,0.81,0.86,116.95,96.72,0,0.19,19,collision
5,3,1.78,4.94,1.22,0.3,0.98,1.16,47.05,96.1,0,0.19,19,collision
5,4,0.56,4.7,0.39,1.39,1.08,1.35,34.94,95.06,1,0.19,19,collision
5,5,1.21,4.79,1.85,1.23,1.2,1.57,43.91,94.07,0,0.19,19,collision
5,6,0.56,4.77,0.4,1.19,1.67,1.59,205.13,93.6,0,0.19,19,collision
5,7,0.83,4.49,0.95,0.45,2.15,1.62,100.17,92.58,0,0.19,19,collision
5,8,0.68,4.72,0.35,1.21,2.61,2.1,112.72,91.41,0,0.19,19,collision
5,9,0.63,4.16,0.17,1.9,2.91,2.45,210.94,90.63,0,0.19,19,collision
5,10,0.75,3.71,1.55,1.7,3.13,2.59,300.12,90.19,0,0.19,19,collision
5,11,0.32,4.75,1.83,0.54,3.37,2.78,278.15,89.61,0,0.19,19,collision
5,12,1.05,4.64,0.32,0.14,3.82,3.21,258.71,88.69,1,0.19,19,collision
5,13,0.43,3.79,0.97,1.85,4.0,3.41,330.55,87.69,0,0.19,19,collision
5,14,0.61,3.49,0.66,0.26,4.12,3.63,342.23,86.85,0,0.19,19,collision
5,15,0.63,4.66,1.31,0.84,4.2,3.95,263.74,86.06,0,0.19,19,collision
5,16,0.31,4.59,0.95,1.18,4.65,4.23,106.74,84.94,0,0.19,19,collision
5,17,0.9,4.77,1.92,1.14,4.8,4.27,296.03,84.61,0,0.19,19,collision
5,18,0.38,4.6,1.24,0.4,5.29,4.3,172.09,83.72,0,0.19,19,collision
6,0,0.82,4.8,0.92,0.15,0.08,0.03,177.72,99.29,0,0.92,32,partial
6,1,0.33,4.99,0.8,1.24,0.41,0.42,224.13,98.59,0,0.92,32,partial
6,2,0.49,4.91,0.92,1.37,0.85,0.84,28.3,97.45,0,0.92,32,partial
6,3,0.49,4.24,0.17,0.15,1.32,1.33,152.99,96.42,0,0.92,32,partial
6,4,0.93,4.18,0.37,1.4,1.53,1.59,248.82,95.99,0,0.92,32,partial
6,5,0.53,3.9,1.63,1.83,1.9,1.9,294.3,95.57,0,0.92,32,partial
6,6,0.86,4.92,1.99,1.29,2.34,2.15,285.56,95.25,0,0.92,32,partial
6,7,0.35,4.76,1.49,1.62,2.42,2.25,307.45,94.3,0,0.92,32,partial
6,8,0.48,3.7,0.69,1.58,2.71,2.47,131.21,93.74,0,0.92,32,partial
6,9,0.78,4.66,0.55,0.16,2.99,2.92,166.99,92.66,0,0.92,32,partial
6,10,0.62,4.57,1.58,1.71,3.17,3.25,145.15,92.14,0,0.92,32,partial
6,11,0.82,4.03,1.03,1.37,3.51,3.67,211.23,91.09,0,0.92,32,partial
6,12,1.03,4.51,0.17,0.5,3.76,3.7,269.53,90.24,0,0.92,32,partial
6,13,1.2,4.78,1.75,1.84,3.81,3.96,105.85,89.33,0,0.92,32,partial
6,14,0.36,4.11,1.35,1.96,3.84,4.24,86.43,88.68,0,0.92,32,partial
6,15,0.84,4.95,1.47,0.45,3.85,4.64,106.29,87.61,0,0.92,32,partial
6,16,0.42,3.83,1.03,0.29,3.91,4.86,209.81,86.43,0,0.92,32,partial
6,17,1.23,4.95,0.92,0.61,3.92,5.3,335.27,85.38,0,0.92,32,partial
6,18,0.48,4.81,0.17,1.39,3.96,5.73,247.94,84.21,0,0.92,32,partial
6,19,0.58,3.36,1.74,1.45,4.04,5.86,280.42,83.1,0,0.92,32,partial
6,20,0.43,4.14,0.81,1.77,4.05,5.94,66.57,82.35,0,0.92,32,partial
6,21,0.53,4.62,1.09,0.89,4.23,6.31,45.13,81.51,0,0.92,32,partial
6,22,2.37,4.4,1.9,1.98,4.34,6.73,116.86,80.86,0,0.92,32,partial
6,23,1.37,4.9,1.67,1.26,4.36,7.15,6.38,80.06,0,0.92,32,partial
6,24,0.32,4.55,1.76,1.41,4.57,7.25,334.43,79.48,0,0.92,32,partial
6,25,0.54,4.78,1.99,0.53,4.74,7.35,302.81,79.18,0,0.92,32,partial
6,26,0.77,4.79,1.07,1.3,4.82,7.73,237.25,78.26,0,0.92,32,partial
6,27,0.76,4.91,0.86,1.52,5.07,8.01,33.63,77.58,0,0.92,32,partial
6,28,1.34,4.96,0.56,0.44,5.3,8.28,267.53,76.74,0,0.92,32,partial
6,29,0.34,3.24,0.13,0.23,5.7,8.69,157.61,75.94,0,0.92,32,partial
6,30,0.66,4.39,0.97,1.86,6.11,8.94,188.45,75.54,0,0.92,32,partial
6,31,0.86,4.95,0.64,1.29,6.58,9.23,147.94,74.38,0,0.92,32,partial
7,0,0.42,4.27,0.41,0.34,0.32,0.17,269.17,99.06,0,0.26,33,collision
7,1,0.33,4.52,0.26,1.61,0.63,0.58,1.94,98.3,0,0.26,33,collision
7,2,1.2,4.66,0.21,0.2,1.06,0.64,185.84,97.21,0,0.26,33,collision
7,3,0.32,4.28,1.75,1.96,1.08,1.12,359.81,96.75,1,0.26,33,collision
7,4,0.42,4.43,1.34,1.09,1.08,1.36,169.47,95.91,0,0.26,33,collision
7,5,0.55,4.92,0.87,1.86,1.26,1.66,227.69,94.74,0,0.26,33,collision
7,6,1.15,4.73,0.39,0.87,1.47,2.1,135.39,94.21,0,0.26,33,collision
7,7,1.12,4.56,0.52,1.09,1.96,2.25,47.64,93.25,0,0.26,33,collision
7,8,0.41,4.88,0.6,0.37,2.41,2.58,346.59,92.93,1,0.26,33,collision
7,9,0.44,4.41,0.5,0.71,2.53,2.74,170.59,92.3,0,0.26,33,collision
7,10,0.33,4.13,0.32,1.66,2.64,3.05,206.36,91.67,0,0.26,33,collision
7,11,1.21,4.76,0.65,1.27,2.72,3.2,275.7,90.95,0,0.26,33,collision
7,12,1.68,3.5,0.34,1.1,2.85,3.32,15.28,90.35,0,0.26,33,collision
7,13,0.86,4.33,1.13,0.35,2.96,3.56,154.17,89.38,1,0.26,33,collision
7,14,0.77,4.34,0.42,1.99,3.24,3.82,101.99,88.27,0,0.26,33,collision
7,15,1.25,4.51,1.69,1.0,3.3,4.25,107.89,87.09,1,0.26,33,collision
7,16,0.41,5.0,1.61,0.38,3.45,4.36,81.34,86.44,0,0.26,33,collision
7,17,0.33,3.89,1.78,0.57,3.82,4.56,52.58,86.0,0,0.26,33,collision
7,18,0.49,4.39,0.32,0.14,4.22,4.68,50.27,85.06,0,0.26,33,collision
7,19,0.33,4.54,1.79,1.38,4.4,4.68,264.41,84.23,0,0.26,33,collision
7,20,0.8,4.9,1.95,0.42,4.89,4.72,321.08,83.35,0,0.26,33,collision
7,21,0.48,3.97,1.73,1.0,5.06,4.75,17.83,82.91,0,0.26,33,collision
7,22,1.89,4.8,0.14,0.34,5.34,5.05,27.34,82.5,0,0.26,33,collision
7,23,0.41,4.7,0.21,0.7,5.61,5.23,250.01,81.58,0,0.26,33,collision
7,24,0.86,4.88,0.91,0.89,5.94,5.5,29.99,81.25,0,0.26,33,collision
7,25,1.03,4.5,0.42,1.63,6.43,5.97,161.02,80.69,0,0.26,33,collision
7,26,1.01,4.9,1.79,1.72,6.57,6.28,112.82,79.83,0,0.26,33,collision
7,27,0.63,4.81,0.86,0.57,6.64,6.71,240.57,79.28,0,0.26,33,collision
7,28,1.68,4.92,1.56,0.68,7.03,7.06,197.42,78.61,0,0.26,33,collision
7,29,0.45,4.13,2.0,0.13,7.39,7.13,296.78,77.72,0,0.26,33,collision
7,30,0.44,4.24,0.62,1.37,7.42,7.6,321.27,77.17,0,0.26,33,collision
7,31,1.74,4.59,0.74,0.42,7.61,7.98,185.19,76.6,0,0.26,33,collision
7,32,0.77,3.11,1.62,0.37,7.63,8.08,260.14,75.63,0,0.26,33,collision
8,0,1.93,4.74,0.15,1.65,0.45,0.22,310.6,99.2,0,0.26,39,success
8,1,0.48,4.36,0.55,0.52,0.73,0.34,296.88,98.45,0,0.26,39,success
8,2,1.04,4.32,0.48,1.67,1.05,0.45,231.28,98.14,0,0.26,39,success
8,3,0.6,4.62,0.9,0.94,1.22,0.61,233.33,97.48,0,0.26,39,success
8,4,1.04,3.65,1.64,1.37,1.23,0.88,137.52,96.93,0,0.26,39,success
8,5,0.92,4.44,1.25,1.58,1.48,1.02,223.54,96.42,0,0.26,39,success
8,6,0.89,4.6,1.43,1.93,1.74,1.45,252.21,95.62,0,0.26,39,success
8,7,0.73,4.84,1.38,1.32,2.21,1.71,15.78,94.46,0,0.26,39,success
8,8,1.08,4.72,1.22,1.47,2.57,2.16,141.96,93.59,0,0.26,39,success
8,9,0.38,4.61,1.23,0.8,2.8,2.4,148.97,92.87,0,0.26,39,success
8,10,0.4,4.59,1.09,2.0,3.14,2.76,268.43,92.43,0,0.26,39,success
8,11,1.26,4.9,1.91,0.68,3.3,2.77,139.3,91.84,0,0.26,39,success
8,12,0.3,4.92,1.53,1.17,3.76,2.9,178.62,90.67,0,0.26,39,success
8,13,0.69,4.99,1.5,1.35,4.22,3.08,209.75,89.67,0,0.26,39,success
8,14,1.15,3.67,0.29,1.07,4.3,3.11,34.09,88.67,0,0.26,39,success
8,15,0.35,4.59,0.93,1.45,4.47,3.22,118.99,88.34,0,0.26,39,success
8,16,1.17,4.99,1.1,1.09,4.56,3.55,251.65,87.63,0,0.26,39,success
8,17,0.59,4.46,1.61,1.1,4.83,3.83,331.09,86.88,0,0.26,39,success
8,18,0.41,4.78,0.84,1.32,5.22,4.18,104.78,86.21,0,0.26,39,success
8,19,1.63,3.82,0.44,0.75,5.67,4.5,163.25,85.5,0,0.26,39,success
8,20,0.35,4.66,1.44,1.94,5.93,4.95,15.43,84.96,0,0.26,39,success
8,21,1.11,4.73,0.57,0.46,6.17,5.09,205.13,84.59,0,0.26,39,success
8,22,0.8,4.52,0.97,0.54,6.38,5.4,307.03,84.05,0,0.26,39,success
8,23,2.19,4.7,1.47,0.49,6.51,5.79,196.4,83.36,0,0.26,39,success
8,24,0.55,4.51,1.77,0.84,6.59,6.2,294.54,82.17,0,0.26,39,success
8,25,0.57,4.46,0.22,1.87,7.07,6.26,177.32,81.18,0,0.26,39,success
8,26,0.37,4.49,0.32,0.18,7.31,6.32,354.22,80.51,0,0.26,39,success
8,27,0.69,4.73,0.72,0.31,7.8,6.73,13.97,79.42,0,0.26,39,success
8,28,0.89,4.83,0.81,1.01,7.83,7.03,88.31,78.96,0,0.26,39,success
8,29,0.41,4.12,1.6,1.5,8.33,7.14,204.45,78.56,0,0.26,39,success
8,30,0.34,3.24,0.78,1.1,8.5,7.35,214.98,78.2,0,0.26,39,success
8,31,0.96,4.38,1.38,0.57,8.93,7.83,340.78,77.3,0,0.26,39,success
8,32,0.61,4.56,0.84,0.71,9.17,8.23,89.54,76.43,0,0.26,39,success
8,33,0.37,4.9,1.05,0.47,9.25,8.52,111.85,76.1,0,0.26,39,success
8,34,1.34,3.59,0.73,1.6,9.33,9.01,261.98,75.14,0,0.26,39,success
8,35,0.35,3.37,0.56,0.52,9.5,9.13,344.72,74.62,0,0.26,39,success
8,36,0.69,4.41,0.13,1.93,9.89,9.22,271.8,74.03,0,0.26,39,success
8,37,0.79,4.35,1.71,1.65,10.15,9.42,264.28,73.2,0,0.26,39,success
8,38,0.57,4.95,0.44,1.66,10.59,9.56,324.3,72.32,0,0.26,39,success
9,0,0.43,4.38,1.96,0.96,0.46,0.4,269.07,99.02,0,0.19,11,timeout
9,1,0.81,3.83,1.22,1.91,0.85,0.69,130.49,98.7,0,0.19,11,timeout
9,2,0.43,4.74,1.2,1.25,1.08,1.02,219.21,98.34,0,0.19,11,timeout
9,3,1.37,4.4,1.55,0.47,1.53,1.34,330.08,97.49,0,0.19,11,timeout
9,4,1.8,4.88,0.24,0.76,1.68,1.7,344.14,96.69,0,0.19,11,timeout
9,5,0.96,4.88,0.65,0.37,1.73,1.78,210.25,96.06,0,0.19,11,timeout
9,6,0.71,4.86,0.68,0.93,1.93,2.23,9.84,95.36,0,0.19,11,timeout
9,7,0.64,3.76,1.85,0.91,2.02,2.58,195.24,94.91,0,0.19,11,timeout
9,8,0.41,4.1,1.82,1.86,2.14,2.8,330.41,93.78,0,0.19,11,timeout
9,9,0.57,4.55,0.11,0.41,2.3,2.97,254.89,93.27,0,0.19,11,timeout
9,10,0.52,4.7,1.81,1.55,2.6,3.29,341.02,92.21,0,0.19,11,timeout
10,0,1.47,4.96,0.6,0.89,0.21,0.08,191.97,99.0,0,0.96,42,partial
10,1,0.38,3.86,0.84,1.2,0.3,0.11,101.03,98.07,0,0.96,42,partial
10,2,1.23,3.42,0.29,0.3,0.72,0.24,357.71,97.49,0,0.96,42,partial
10,3,0.83,4.42,1.95,0.41,0.83,0.3,338.16,96.81,0,0.96,42,partial
10,4,0.42,4.96,1.69,1.03,1.08,0.64,185.81,95.65,0,0.96,42,partial
10,5,2.34,4.96,0.58,1.53,1.31,1.03,109.88,95.21,0,0.96,42,partial
10,6,0.92,3.82,0.88,0.53,1.35,1.06,16.86,94.53,0,0.96,42,partial
10,7,0.42,4.76,0.87,0.86,1.66,1.16,110.76,93.85,0,0.96,42,partial
10,8,0.56,4.51,1.83,1.79,1.74,1.3,206.04,93.07,0,0.96,42,partial
10,9,0.38,4.98,0.85,0.39,2.22,1.43,164.84,92.73,0,0.96,42,partial
10,10,0.35,5.0,0.93,0.41,2.42,1.7,74.96,92.01,0,0.96,42,partial
10,11,0.64,4.88,1.03,1.75,2.92,1.78,132.89,91.57,0,0.96,42,partial
10,12,1.4,4.52,0.49,1.09,3.1,1.83,307.48,90.94,0,0.96,42,partial
10,13,0.9,4.92,1.88,1.48,3.13,2.19,197.87,90.64,0,0.96,42,partial
10,14,0.68,3.96,0.84,1.29,3.42,2.67,10.98,90.32,0,0.96,42,partial
10,15,1.56,4.67,1.36,0.4,3.86,3.1,109.8,89.29,0,0.96,42,partial
10,16,0.32,4.99,0.61,0.11,4.27,3.13,201.94,88.97,0,0.96,42,partial
10,17,0.61,4.73,0.4,1.21,4.7,3.28,171.02,88.32,0,0.96,42,partial
10,18,1.75,4.37,1.06,1.21,4.9,3.5,269.99,87.59,0,0.96,42,partial
10,19,0.31,4.66,0.68,0.11,5.04,3.53,355.31,87.12,0,0.96,42,partial
10,20,0.67,4.23,0.34,1.84,5.34,3.59,89.33,86.74,0,0.96,42,partial
10,21,0.72,4.76,1.34,1.68,5.73,3.88,283.1,85.66,0,0.96,42,partial
10,22,0.74,4.06,0.23,1.7,5.74,3.99,276.92,85.18,0,0.96,42,partial
10,23,0.74,4.99,0.6,1.31,5.91,4.36,239.72,84.58,0,0.96,42,partial
10,24,0.78,4.54,1.64,0.57,6.29,4.36,200.3,84.27,0,0.96,42,partial
10,25,0.54,4.89,0.82,1.6,6.72,4.59,192.57,83.37,0,0.96,42,partial
10,26,1.41,4.78,1.79,1.79,7.13,5.01,35.95,82.21,0,0.96,42,partial
10,27,1.38,3.66,1.53,1.52,7.23,5.02,138.14,81.85,0,0.96,42,partial
10,28,0.7,4.59,0.42,0.19,7.33,5.08,173.27,80.86,0,0.96,42,partial
10,29,0.48,4.78,0.28,0.11,7.41,5.47,268.21,80.35,0,0.96,42,partial
10,30,0.46,4.68,1.23,0.56,7.82,5.56,199.55,79.48,0,0.96,42,partial
10,31,0.42,4.73,0.78,1.35,7.91,5.73,88.8,78.29,0,0.96,42,partial
10,32,1.0,3.3,0.66,1.2,8.32,5.91,218.22,77.97,0,0.96,42,partial
10,33,0.49,4.66,1.7,0.8,8.78,6.27,326.67,76.81,0,0.96,42,partial
10,34,0.74,4.48,1.93,1.39,8.86,6.37,34.83,75.76,0,0.96,42,partial
10,35,0.32,4.77,0.74,1.7,9.09,6.5,43.56,75.39,0,0.96,42,partial
10,36,0.78,4.84,1.96,1.62,9.48,6.75,305.38,74.51,0,0.96,42,partial
10,37,0.53,3.81,0.22,1.75,9.84,6.85,60.22,73.43,0,0.96,42,partial
10,38,0.35,4.44,0.29,1.19,9.95,7.03,133.06,73.06,0,0.96,42,partial
10,39,1.67,3.9,1.24,0.44,10.32,7.52,79.21,72.11,0,0.96,42,partial
10,40,0.55,3.6,1.92,1.98,10.69,7.95,294.29,71.51,0,0.96,42,partial
10,41,0.51,4.53,0.69,0.99,11.04,8.27,20.46,71.06,0,0.96,42,partial
11,0,0.96,4.99,0.57,1.95,0.13,0.45,56.77,99.56,0,0.81,50,partial
11,1,1.39,4.93,1.53,0.99,0.63,0.58,238.66,99.21,0,0.81,50,partial
11,2,1.27,4.92,0.25,0.99,0.69,0.65,255.54,98.32,0,0.81,50,partial
11,3,2.08,4.95,0.38,1.86,0.75,0.74,296.81,97.33,0,0.81,50,partial
11,4,0.98,4.17,1.63,0.68,1.14,1.06,337.65,96.82,0,0.81,50,partial
11,5,0.83,4.37,1.1,1.81,1.6,1.42,75.34,96.42,0,0.81,50,partial
11,6,0.44,4.79,0.52,0.6,1.94,1.45,152.61,95.33,0,0.81,50,partial
11,7,0.83,4.89,0.41,0.8,2.39,1.73,162.42,94.53,0,0.81,50,partial
11,8,0.67,4.97,0.45,1.07,2.56,2.02,200.37,93.72,0,0.81,50,partial
11,9,0.61,4.67,1.4,1.45,2.76,2.21,29.25,93.3,0,0.81,50,partial
11,10,1.27,4.97,1.01,0.15,2.96,2.69,153.11,92.45,0,0.81,50,partial
11,11,0.6,4.99,0.54,1.32,3.09,2.8,322.61,91.74,0,0.81,50,partial
11,12,1.34,4.28,0.4,1.9,3.42,3.01,3.66,90.59,0,0.81,50,partial
11,13,0.65,4.55,0.87,0.53,3.76,3.05,240.33,89.49,0,0.81,50,partial
11,14,0.37,4.75,1.86,0.85,4.13,3.21,301.96,88.85,0,0.81,50,partial
11,15,0.76,3.69,1.9,1.05,4.53,3.32,222.61,88.47,0,0.81,50,partial
11,16,0.45,4.05,1.17,0.55,4.75,3.64,262.1,87.27,0,0.81,50,partial
11,17,1.06,4.52,1.95,0.38,4.89,3.86,89.37,86.58,0,0.81,50,partial
11,18,1.21,4.44,0.81,1.68,5.29,3.95,285.66,86.22,0,0.81,50,partial
11,19,0.32,4.75,0.75,1.69,5.54,4.07,33.33,85.84,0,0.81,50,partial
11,20,0.64,4.96,1.14,1.0,5.59,4.33,190.11,85.11,0,0.81,50,partial
11,21,1.45,3.8,0.92,0.43,5.65,4.45,7.07,84.13,0,0.81,50,partial
11,22,0.53,4.55,0.18,1.15,5.69,4.48,102.03,83.62,0,0.81,50,partial
11,23,0.63,4.68,1.18,1.2,5.8,4.62,191.45,83.31,0,0.81,50,partial
11,24,0.84,4.79,0.16,1.72,6.15,4.81,46.34,82.72,0,0.81,50,partial
11,25,1.02,4.76,1.82,1.38,6.43,4.85,307.91,82.08,0,0.81,50,partial
11,26,0.32,4.8,0.29,1.44,6.75,4.89,317.96,81.63,0,0.81,50,partial
11,27,0.97,4.84,1.16,0.56,6.84,5.34,146.66,80.98,0,0.81,50,partial
11,28,0.41,4.98,0.91,1.49,7.11,5.38,59.37,79.89,0,0.81,50,partial
11,29,0.55,3.58,1.51,1.94,7.58,5.5,260.78,79.55,0,0.81,50,partial
11,30,0.57,4.81,0.93,0.96,7.79,5.88,34.95,78.48,0,0.81,50,partial
11,31,0.7,4.9,1.39,1.14,8.19,6.21,318.81,77.33,0,0.81,50,partial
11,32,0.46,4.93,1.98,0.71,8.58,6.55,340.19,76.66,0,0.81,50,partial
11,33,1.51,4.88,0.41,1.05,8.6,6.7,337.89,76.02,0,0.81,50,partial
11,34,0.97,4.81,1.99,0.46,8.79,7.13,302.7,74.91,0,0.81,50,partial
11,35,0.62,4.96,1.22,1.94,8.99,7.47,229.49,74.51,0,0.81,50,partial
11,36,0.42,4.02,1.4,1.13,9.35,7.58,294.34,73.8,0,0.81,50,partial
11,37,0.39,4.43,0.89,0.7,9.66,7.59,107.33,72.63,0,0.81,50,partial
11,38,0.6,4.88,0.54,1.4,9.89,7.66,129.62,72.25,0,0.81,50,partial
11,39,0.51,4.07,0.27,0.59,10.11,8.07,61.79,71.3,0,0.81,50,partial
11,40,1.46,4.27,0.32,0.78,10.2,8.13,241.26,70.18,0,0.81,50,partial
11,41,1.3,4.77,0.79,0.37,10.37,8.49,263.22,69.37,0,0.81,50,partial
11,42,2.5,4.29,1.8,0.81,10.81,8.76,145.51,69.01,0,0.81,50,partial
11,43,1.85,4.84,1.78,0.93,11.28,9.03,93.99,68.1,0,0.81,50,partial
11,44,1.58,4.72,0.74,0.92,11.52,9.26,62.25,67.18,0,0.81,50,partial
11,45,0.33,4.7,1.01,1.26,11.52,9.73,117.77,66.35,0,0.81,50,partial
11,46,0.4,4.66,0.55,0.79,12.01,10.08,293.77,65.16,0,0.81,50,partial
11,47,0.94,4.91,1.03,1.87,12.51,10.28,352.55,64.81,0,0.81,50,partial
11,48,0.71,4.09,0.29,0.68,12.75,10.75,155.28,63.79,0,0.81,50,partial
11,49,0.99,4.76,0.51,0.63,13.18,11.2,114.8,62.67,0,0.81,50,partial
12,0,1.38,4.59,1.45,1.0,0.2,0.4,201.6,99.54,0,0.27,50,success
12,1,0.53,4.64,0.4,0.81,0.59,0.83,211.8,98.56,0,0.27,50,success
12,2,0.54,4.09,1.44,0.84,0.94,1.24,26.52,98.05,0,0.27,50,success
12,3,0.63,4.03,1.22,1.83,1.03,1.63,322.0,97.18,0,0.27,50,success
12,4,2.5,4.88,0.75,0.94,1.4,1.82,254.38,96.78,0,0.27,50,success
12,5,2.19,4.47,0.73,0.9,1.71,2.3,98.29,96.39,0,0.27,50,success
12,6,0.63,3.49,0.65,0.4,2.0,2.56,289.51,95.56,0,0.27,50,success
12,7,1.05,4.96,0.17,0.36,2.35,2.62,94.19,94.92,0,0.27,50,success
12,8,0.34,4.39,1.68,1.93,2.7,3.12,7.75,94.01,0,0.27,50,success
12,9,2.41,4.51,0.23,1.6,3.12,3.31,323.29,93.32,0,0.27,50,success
12,10,1.11,3.91,0.8,0.35,3.42,3.62,337.95,92.84,0,0.27,50,success
12,11,1.1,4.97,0.85,1.11,3.43,3.8,59.55,92.18,0,0.27,50,success
12,12,0.35,4.68,1.06,1.69,3.65,4.11,186.09,91.31,0,0.27,50,success
12,13,0.66,4.67,1.23,1.5,3.94,4.23,22.2,90.43,0,0.27,50,success
12,14,1.68,3.99,0.75,0.12,3.98,4.46,4.6,90.08,0,0.27,50,success
12,15,0.65,4.88,0.28,0.98,4.38,4.53,326.97,89.34,0,0.27,50,success
12,16,0.52,4.92,1.79,0.84,4.83,4.69,173.59,88.54,0,0.27,50,success
12,17,1.47,4.75,0.34,0.58,5.17,5.18,94.65,87.79,0,0.27,50,success
12,18,0.46,4.97,1.3,1.45,5.55,5.4,146.83,87.0,0,0.27,50,success
12,19,0.66,4.54,1.95,1.95,6.03,5.84,240.59,86.45,0,0.27,50,success
12,20,0.91,4.5,1.86,1.7,6.11,5.98,332.41,86.05,0,0.27,50,success
12,21,1.39,3.95,1.84,1.97,6.22,6.09,204.58,85.08,0,0.27,50,success
12,22,0.35,4.51,0.62,0.93,6.55,6.57,180.69,84.26,0,0.27,50,success
12,23,0.51,4.82,0.75,1.2,6.69,7.0,327.62,83.69,0,0.27,50,success
12,24,0.3,4.26,1.04,1.95,6.71,7.14,305.63,83.22,0,0.27,50,success
12,25,0.41,4.56,0.69,1.79,7.07,7.47,162.24,82.27,0,0.27,50,success
12,26,1.11,4.16,0.72,0.2,7.25,7.76,116.72,81.2,0,0.27,50,success
12,27,1.31,3.91,0.46,0.43,7.25,8.15,161.25,80.13,0,0.27,50,success
12,28,1.17,4.92,1.54,0.75,7.58,8.29,5.48,79.57,0,0.27,50,success
12,29,2.0,4.93,1.8,1.69,7.69,8.6,233.01,79.04,0,0.27,50,success
12,30,0.75,4.48,0.11,1.57,7.9,8.72,44.01,78.32,0,0.27,50,success
12,31,0.69,4.8,1.6,1.61,8.13,8.81,222.18,77.62,0,0.27,50,success
12,32,1.13,3.21,1.73,0.76,8.29,9.18,60.89,76.99,0,0.27,50,success
12,33,1.25,4.48,1.49,1.92,8.5,9.43,336.01,76.39,0,0.27,50,success
12,34,1.24,4.13,1.49,0.66,8.93,9.89,78.14,76.06,0,0.27,50,success
12,35,0.86,4.59,0.36,1.59,9.13,10.34,355.81,75.6,0,0.27,50,success
12,36,0.55,4.88,0.34,1.09,9.5,10.38,256.49,75.27,0,0.27,50,success
12,37,0.92,4.14,0.63,0.57,9.77,10.77,54.33,74.14,0,0.27,50,success
12,38,0.96,4.25,1.27,1.24,9.88,10.96,128.08,73.83,0,0.27,50,success
12,39,1.64,4.99,1.45,0.46,9.95,10.97,353.82,73.18,0,0.27,50,success
12,40,0.44,3.15,1.31,1.64,10.14,11.41,156.84,72.62,0,0.27,50,success
12,41,0.96,3.59,0.16,1.87,10.15,11.69,218.65,72.19,0,0.27,50,success
12,42,0.45,4.49,1.68,1.22,10.42,12.1,88.1,71.85,0,0.27,50,success
12,43,0.74,4.51,0.51,1.63,10.45,12.12,71.83,71.46,0,0.27,50,success
12,44,1.14,5.0,1.99,0.29,10.49,12.21,140.87,70.84,0,0.27,50,success
12,45,0.86,4.99,1.15,1.26,10.62,12.33,331.98,70.21,0,0.27,50,success
12,46,0.74,4.79,1.07,0.25,10.77,12.41,221.5,69.15,0,0.27,50,success
12,47,1.29,3.97,1.57,0.97,11.23,12.86,21.82,68.15,0,0.27,50,success
12,48,1.14,4.17,0.44,0.75,11.34,13.01,63.53,67.33,0,0.27,50,success
12,49,0.6,3.26,1.24,0.87,11.38,13.29,347.13,66.78,0,0.27,50,success
13,0,0.36,3.44,0.99,0.15,0.25,0.09,120.57,98.99,0,0.74,50,timeout
13,1,0.43,4.42,0.57,1.86,0.74,0.47,312.59,98.22,0,0.74,50,timeout
13,2,0.65,4.49,0.36,1.69,0.83,0.55,227.83,97.17,0,0.74,50,timeout
13,3,0.94,4.1,0.53,0.41,1.13,0.62,239.87,96.2,0,0.74,50,timeout
13,4,0.58,3.95,0.21,1.64,1.54,0.88,47.1,95.62,0,0.74,50,timeout
13,5,0.48,3.9,1.6,1.78,2.02,0.96,30.62,94.8,0,0.74,50,timeout
13,6,1.12,4.5,0.68,1.28,2.17,1.09,311.02,94.14,0,0.74,50,timeout
13,7,0.61,4.61,0.44,0.6,2.62,1.35,229.83,93.74,0,0.74,50,timeout
13,8,0.64,4.32,1.42,1.06,2.85,1.49,57.85,93.43,0,0.74,50,timeout
13,9,0.94,4.55,1.31,1.2,2.87,1.78,216.66,92.63,0,0.74,50,timeout
13,10,0.33,4.84,0.92,0.98,3.02,2.13,88.73,91.85,0,0.74,50,timeout
13,11,0.81,4.21,1.97,0.47,3.41,2.48,347.11,91.32,0,0.74,50,timeout
13,12,1.44,3.76,1.61,1.3,3.86,2.53,86.02,91.02,1,0.74,50,timeout
13,13,1.14,4.88,1.81,1.83,4.24,2.55,137.59,90.62,1,0.74,50,timeout
13,14,1.17,4.6,0.64,0.87,4.56,3.02,95.93,90.25,1,0.74,50,timeout
13,15,0.51,4.83,1.38,0.96,4.85,3.36,60.05,89.34,0,0.74,50,timeout
13,16,0.35,4.92,0.57,1.07,5.06,3.79,238.42,88.95,0,0.74,50,timeout
13,17,0.55,4.64,1.31,1.27,5.33,4.18,165.95,88.36,1,0.74,50,timeout
13,18,0.71,4.0,0.24,0.75,5.78,4.55,97.02,87.25,0,0.74,50,timeout
13,19,0.42,4.05,1.23,1.43,6.24,5.0,142.64,86.89,0,0.74,50,timeout
13,20,0.41,4.44,1.17,0.35,6.43,5.09,6.86,85.71,0,0.74,50,timeout
13,21,1.15,4.91,1.87,0.24,6.77,5.5,31.57,84.7,0,0.74,50,timeout
13,22,0.5,3.72,1.65,1.25,7.01,5.84,199.36,83.83,1,0.74,50,timeout
13,23,1.17,4.85,1.97,1.19,7.22,6.02,142.07,83.51,0,0.74,50,timeout
13,24,0.63,3.46,1.79,0.52,7.53,6.37,280.79,82.54,0,0.74,50,timeout
13,25,0.6,4.8,1.45,0.34,7.97,6.4,83.19,81.58,0,0.74,50,timeout
13,26,1.17,4.57,1.34,1.56,8.33,6.44,292.62,80.48,0,0.74,50,timeout
13,27,0.51,4.37,1.57,1.57,8.6,6.72,26.85,79.76,0,0.74,50,timeout
13,28,0.51,3.83,0.57,0.83,8.74,7.14,29.68,79.46,0,0.74,50,timeout
13,29,1.39,4.55,1.71,1.39,8.99,7.29,104.18,78.86,0,0.74,50,timeout
13,30,1.07,4.97,1.2,1.58,9.05,7.65,12.94,77.69,0,0.74,50,timeout
13,31,0.98,4.98,1.72,0.93,9.13,8.1,243.12,77.23,0,0.74,50,timeout
13,32,0.56,4.71,1.73,1.97,9.62,8.47,0.41,76.77,0,0.74,50,timeout
13,33,1.75,4.89,1.77,1.6,10.11,8.63,36.76,76.45,0,0.74,50,timeout
13,34,0.65,4.99,1.76,1.17,10.54,8.64,125.59,75.65,0,0.74,50,timeout
13,35,1.7,4.94,1.05,0.38,10.67,8.95,115.88,75.06,0,0.74,50,timeout
13,36,0.94,4.02,1.75,1.31,11.12,8.98,112.67,74.01,0,0.74,50,timeout
13,37,0.8,4.76,1.86,0.12,11.38,9.22,328.55,73.03,0,0.74,50,timeout
13,38,2.11,4.65,1.6,0.64,11.74,9.36,137.5,72.26,1,0.74,50,timeout
13,39,0.57,4.2,1.88,0.51,11.84,9.39,100.51,71.72,0,0.74,50,timeout
13,40,0.76,3.96,0.13,0.38,11.85,9.54,125.66,71.1,0,0.74,50,timeout
13,41,0.45,4.74,0.42,0.69,11.92,9.94,79.29,70.22,0,0.74,50,timeout
13,42,0.46,4.18,1.23,0.28,12.31,9.95,107.89,69.36,0,0.74,50,timeout
13,43,0.44,3.7,1.82,1.47,12.67,10.26,200.95,68.49,1,0.74,50,timeout
13,44,0.58,4.34,0.15,0.4,12.77,10.29,265.5,67.5,0,0.74,50,timeout
13,45,0.55,4.17,0.42,1.52,13.24,10.68,124.46,66.41,0,0.74,50,timeout
13,46,1.31,4.11,0.44,1.49,13.42,10.75,165.19,65.26,0,0.74,50,timeout
13,47,1.06,4.71,1.88,0.65,13.63,10.83,215.26,64.67,0,0.74,50,timeout
13,48,0.4,4.27,1.14,1.1,13.95,11.2,172.11,63.92,0,0.74,50,timeout
13,49,0.48,4.69,1.29,0.66,14.09,11.53,239.97,63.0,0,0.74,50,timeout
14,0,1.12,3.69,0.13,1.43,0.38,0.1,112.9,99.61,0,0.58,32,timeout
14,1,0.61,4.86,1.76,1.22,0.69,0.57,260.52,98.92,0,0.58,32,timeout
14,2,0.44,3.44,0.19,1.05,1.0,0.88,230.25,97.98,0,0.58,32,timeout
14,3,1.09,4.39,0.86,0.24,1.34,1.33,164.59,97.51,0,0.58,32,timeout
14,4,1.46,4.45,1.39,1.41,1.34,1.83,23.64,96.71,0,0.58,32,timeout
14,5,1.51,4.6,1.7,0.3,1.53,2.15,53.12,96.12,0,0.58,32,timeout
14,6,1.19,4.45,1.24,1.72,1.58,2.45,231.12,95.8,0,0.58,32,timeout
14,7,1.43,4.81,1.6,0.66,1.79,2.7,330.56,94.67,0,0.58,32,timeout
14,8,0.97,4.9,1.74,1.06,2.23,3.13,154.96,94.33,0,0.58,32,timeout
14,9,0.45,3.34,1.19,1.02,2.4,3.47,30.45,93.82,0,0.58,32,timeout
14,10,0.39,4.54,0.12,1.58,2.78,3.73,23.45,93.38,0,0.58,32,timeout
14,11,0.46,4.94,0.78,0.48,3.01,4.01,266.94,92.38,0,0.58,32,timeout
14,12,0.5,4.49,1.86,1.68,3.33,4.22,273.52,91.49,0,0.58,32,timeout
14,13,0.67,4.81,1.04,1.1,3.73,4.5,320.44,90.89,0,0.58,32,timeout
14,14,0.53,4.41,0.19,1.13,4.18,5.0,256.54,90.05,0,0.58,32,timeout
14,15,1.16,4.56,1.98,1.99,4.66,5.22,23.18,89.13,0,0.58,32,timeout
14,16,0.63,4.23,1.29,1.18,5.08,5.3,189.52,88.74,0,0.58,32,timeout
14,17,0.46,4.16,0.92,1.69,5.09,5.51,270.59,87.86,0,0.58,32,timeout
14,18,1.1,4.88,0.15,1.45,5.33,5.73,266.23,87.36,0,0.58,32,timeout
14,19,0.37,4.82,0.11,1.1,5.56,5.79,234.34,86.55,0,0.58,32,timeout
14,20,0.33,4.84,1.47,0.7,5.95,5.94,92.56,85.49,0,0.58,32,timeout
14,21,1.07,4.61,0.18,0.88,6.3,6.0,205.77,85.12,0,0.58,32,timeout
14,22,0.59,4.87,1.99,1.38,6.61,6.48,278.22,84.46,0,0.58,32,timeout
14,23,0.91,4.97,0.24,1.41,6.89,6.74,326.39,83.78,0,0.58,32,timeout
14,24,0.59,3.87,0.25,1.19,7.19,6.97,221.28,82.74,0,0.58,32,timeout
14,25,0.73,4.52,0.16,0.55,7.6,7.17,354.37,81.99,0,0.58,32,timeout
14,26,1.25,4.98,0.35,1.2,7.6,7.5,255.27,81.16,0,0.58,32,timeout
14,27,0.51,2.09,1.05,1.84,8.08,8.0,305.47,80.2,0,0.58,32,timeout
14,28,0.48,5.0,0.15,1.12,8.21,8.4,90.07,79.89,0,0.58,32,timeout
14,29,1.16,4.94,1.43,0.15,8.62,8.81,346.73,79.01,0,0.58,32,timeout
14,30,0.41,4.97,1.51,1.03,8.92,9.16,274.39,78.01,0,0.58,32,timeout
14,31,0.63,4.69,0.57,1.14,8.93,9.33,57.72,77.36,0,0.58,32,timeout
15,0,0.78,4.13,1.31,0.49,0.4,0.32,212.8,98.91,0,0.68,35,timeout
15,1,0.99,4.8,0.3,1.09,0.64,0.42,17.47,98.23,0,0.68,35,timeout
15,2,0.47,3.79,1.15,1.8,1.13,0.7,121.05,97.21,0,0.68,35,timeout
15,3,0.36,4.19,1.78,1.62,1.2,1.03,16.39,96.42,0,0.68,35,timeout
15,4,0.84,4.23,0.45,0.41,1.7,1.35,315.02,95.6,0,0.68,35,timeout
15,5,0.89,4.55,0.18,0.78,1.74,1.65,228.13,95.21,0,0.68,35,timeout
15,6,0.74,4.93,1.74,0.71,2.1,1.76,23.12,94.43,0,0.68,35,timeout
15,7,0.66,4.33,0.14,0.46,2.39,2.2,43.35,93.24,0,0.68,35,timeout
15,8,0.31,4.75,1.09,0.44,2.84,2.62,135.02,92.39,0,0.68,35,timeout
15,9,0.89,4.8,0.99,1.9,3.12,3.1,143.51,91.6,0,0.68,35,timeout
15,10,0.62,4.46,0.25,0.55,3.19,3.53,244.8,90.94,0,0.68,35,timeout
15,11,1.48,4.53,1.88,1.55,3.31,3.77,105.92,90.28,0,0.68,35,timeout
15,12,0.73,4.49,1.47,0.16,3.44,3.95,337.86,89.47,0,0.68,35,timeout
15,13,0.89,4.31,1.77,1.24,3.8,4.22,88.09,88.48,0,0.68,35,timeout
15,14,0.7,4.37,0.94,1.08,3.81,4.3,231.69,87.45,0,0.68,35,timeout
15,15,0.89,4.73,0.48,1.76,4.01,4.73,247.48,86.78,0,0.68,35,timeout
15,16,1.82,4.23,1.1,0.18,4.27,4.89,341.83,85.86,0,0.68,35,timeout
15,17,0.58,4.56,0.64,0.21,4.38,5.3,192.69,84.69,0,0.68,35,timeout
15,18,0.48,4.07,0.88,0.24,4.56,5.33,44.59,83.78,0,0.68,35,timeout
15,19,0.57,4.15,1.53,0.45,4.84,5.62,170.93,83.27,0,0.68,35,timeout
15,20,0.62,4.87,1.62,1.62,5.15,5.87,203.18,82.88,0,0.68,35,timeout
15,21,0.37,4.99,0.43,0.8,5.46,5.89,147.65,82.5,0,0.68,35,timeout
15,22,0.54,4.85,1.95,1.89,5.62,6.25,302.82,81.53,0,0.68,35,timeout
15,23,0.53,4.95,1.14,0.8,5.7,6.6,103.76,80.68,0,0.68,35,timeout
15,24,0.43,4.49,1.81,0.19,5.85,7.02,183.15,80.01,0,0.68,35,timeout
15,25,0.47,4.7,1.65,0.41,6.23,7.5,59.96,79.59,0,0.68,35,timeout
15,26,0.75,3.84,1.81,0.42,6.32,7.94,52.35,78.73,0,0.68,35,timeout
15,27,0.3,4.65,0.8,0.72,6.61,8.2,100.83,77.85,0,0.68,35,timeout
15,28,0.98,4.41,0.26,0.13,6.69,8.21,37.1,76.86,0,0.68,35,timeout
15,29,0.38,4.24,1.35,1.4,7.07,8.51,24.98,76.44,0,0.68,35,timeout
15,30,0.62,4.78,0.44,0.72,7.31,8.68,298.79,75.76,0,0.68,35,timeout
15,31,0.67,3.73,0.56,0.83,7.36,8.79,4.8,74.77,0,0.68,35,timeout
15,32,0.39,4.7,1.29,0.99,7.66,9.15,221.15,74.32,0,0.68,35,timeout
15,33,0.42,4.17,0.5,0.28,7.92,9.37,262.9,73.21,0,0.68,35,timeout
15,34,0.98,4.81,1.51,0.68,8.19,9.48,341.03,72.69,0,0.68,35,timeout
16,0,1.57,4.91,1.36,1.46,0.37,0.44,338.18,99.03,0,0.8,23,success
16,1,0.65,3.93,1.56,1.91,0.51,0.66,189.58,97.96,0,0.8,23,success
16,2,0.91,4.62,1.2,1.48,0.53,1.02,250.1,97.65,0,0.8,23,success
16,3,0.66,4.97,1.67,1.44,0.71,1.26,106.47,97.21,0,0.8,23,success
16,4,0.41,4.2,1.91,0.88,0.8,1.44,175.11,96.61,0,0.8,23,success
16,5,1.65,4.42,0.37,1.3,1.15,1.56,114.99,96.2,0,0.8,23,success
16,6,0.91,4.83,1.53,0.54,1.18,1.84,335.97,95.71,0,0.8,23,success
16,7,1.1,4.94,1.21,1.94,1.65,2.16,295.45,94.66,0,0.8,23,success
16,8,1.26,4.97,1.87,0.1,1.84,2.43,71.72,94.12,0,0.8,23,success
16,9,0.32,4.96,1.32,1.35,1.87,2.53,107.89,93.3,0,0.8,23,success
16,10,0.59,2.79,0.61,1.59,2.12,2.59,208.64,93.0,0,0.8,23,success
16,11,0.87,4.56,1.98,1.28,2.38,2.65,192.92,92.46,0,0.8,23,success
16,12,1.25,4.56,1.11,1.07,2.74,2.89,316.41,91.43,0,0.8,23,success
16,13,0.3,4.07,1.63,1.47,2.76,3.22,345.62,91.11,0,0.8,23,success
16,14,0.42,4.6,1.66,0.55,2.84,3.26,296.41,90.12,0,0.8,23,success
16,15,0.5,4.58,0.94,1.28,3.27,3.75,68.13,89.18,0,0.8,23,success
16,16,0.35,2.6,1.35,0.59,3.43,4.03,165.29,88.17,0,0.8,23,success
16,17,0.58,3.73,0.88,1.02,3.64,4.09,123.52,87.36,0,0.8,23,success
16,18,0.52,4.58,0.94,1.02,3.82,4.09,83.99,86.43,0,0.8,23,success
16,19,0.49,4.91,0.57,0.79,4.1,4.27,99.42,85.3,0,0.8,23,success
16,20,0.64,4.5,1.48,1.07,4.47,4.57,66.08,84.88,0,0.8,23,success
16,21,0.68,4.5,1.11,1.63,4.51,4.66,334.31,83.99,0,0.8,23,success
16,22,0.71,4.74,0.41,0.13,4.68,4.84,5.5,83.43,0,0.8,23,success
17,0,0.38,4.74,0.32,0.54,0.5,0.1,159.65,99.34,0,0.79,35,success
17,1,1.04,4.95,1.43,0.59,0.73,0.2,341.62,98.18,0,0.79,35,success
17,2,0.62,4.85,1.92,0.28,0.91,0.36,32.85,97.29,0,0.79,35,success
17,3,0.74,4.6,1.11,0.92,1.05,0.38,267.57,96.27,0,0.79,35,success
17,4,0.4,4.93,0.92,0.28,1.36,0.87,351.94,95.73,0,0.79,35,success
17,5,0.57,4.43,0.92,1.83,1.76,0.96,88.23,95.14,0,0.79,35,success
17,6,0.37,3.78,1.68,1.82,2.14,1.0,168.14,94.77,0,0.79,35,success
17,7,1.3,4.55,1.17,1.05,2.6,1.1,35.36,93.78,0,0.79,35,success
17,8,0.79,4.55,0.9,1.93,3.02,1.17,132.48,93.48,0,0.79,35,success
17,9,1.5,4.8,1.15,1.49,3.49,1.38,329.16,92.52,0,0.79,35,success
17,10,0.68,4.69,0.69,1.55,3.65,1.42,114.43,92.02,0,0.79,35,success
17,11,1.1,4.76,1.54,1.98,3.97,1.88,104.22,91.42,0,0.79,35,success
17,12,0.34,4.57,1.77,0.27,4.3,2.02,342.76,90.32,0,0.79,35,success
17,13,0.56,4.91,0.93,1.57,4.61,2.42,79.46,89.58,0,0.79,35,success
17,14,0.83,4.79,1.3,1.44,4.71,2.45,317.92,88.68,0,0.79,35,success
17,15,0.91,4.84,0.3,1.36,4.87,2.65,329.7,87.59,0,0.79,35,success
17,16,1.13,3.67,0.98,1.29,5.12,3.13,213.99,86.47,0,0.79,35,success
17,17,0.36,4.96,1.62,0.82,5.32,3.25,118.31,86.0,0,0.79,35,success
17,18,0.61,4.99,0.79,1.76,5.4,3.75,11.97,84.92,0,0.79,35,success
17,19,1.16,4.65,0.7,1.87,5.79,3.95,359.64,84.11,0,0.79,35,success
17,20,0.43,4.99,0.41,0.54,6.26,4.1,312.33,83.64,0,0.79,35,success
17,21,0.32,4.6,0.85,0.63,6.54,4.39,326.22,83.26,0,0.79,35,success
17,22,1.83,4.23,0.57,1.47,6.98,4.86,280.42,82.9,0,0.79,35,success
17,23,0.5,3.98,0.37,0.58,7.11,5.33,110.24,82.28,0,0.79,35,success
17,24,0.51,4.89,1.58,1.37,7.17,5.77,129.71,81.12,0,0.79,35,success
17,25,0.34,4.59,0.13,0.58,7.44,6.21,205.03,80.34,0,0.79,35,success
17,26,0.72,4.83,0.46,1.1,7.48,6.68,205.44,79.22,0,0.79,35,success
17,27,0.54,3.98,0.43,0.99,7.91,7.18,29.6,78.44,0,0.79,35,success
17,28,1.65,4.93,1.71,1.61,7.98,7.38,199.92,78.1,0,0.79,35,success
17,29,1.09,4.24,0.67,1.84,8.32,7.8,349.06,77.67,0,0.79,35,success
17,30,0.7,3.91,0.42,1.91,8.47,7.87,97.68,77.31,0,0.79,35,success
17,31,0.31,4.69,1.15,1.06,8.91,8.26,63.74,76.49,0,0.79,35,success
17,32,1.61,4.56,0.94,0.46,8.99,8.71,35.08,75.51,0,0.79,35,success
17,33,0.35,4.6,1.41,1.52,9.19,8.95,45.24,74.95,0,0.79,35,success
17,34,0.4,4.7,0.39,0.3,9.56,9.36,219.44,74.07,0,0.79,35,success
18,0,0.69,4.87,0.95,1.19,0.29,0.24,223.3,99.69,0,0.39,33,success
18,1,1.22,4.78,1.48,1.88,0.45,0.43,166.76,99.33,0,0.39,33,success
18,2,0.32,4.8,0.52,1.84,0.78,0.67,107.36,98.39,0,0.39,33,success
18,3,0.35,4.66,1.05,1.04,0.91,1.03,339.23,97.6,0,0.39,33,success
18,4,0.68,4.57,1.75,0.5,1.06,1.38,314.06,97.06,0,0.39,33,success
18,5,1.26,4.26,1.75,0.38,1.5,1.73,287.93,96.25,0,0.39,33,success
18,6,0.47,4.72,0.56,0.18,1.5,1.74,348.32,95.12,0,0.39,33,success
18,7,0.77,4.91,1.44,0.15,1.93,1.92,187.56,94.12,0,0.39,33,success
18,8,0.5,4.79,1.79,1.46,2.16,2.16,114.62,93.15,0,0.39,33,success
18,9,0.34,4.88,1.89,1.5,2.2,2.59,93.63,92.13,0,0.39,33,success
18,10,0.77,4.96,1.56,1.99,2.7,2.69,91.26,90.98,0,0.39,33,success
18,11,0.39,4.84,1.04,0.41,3.08,2.91,152.37,90.25,0,0.39,33,success
18,12,0.36,3.89,2.0,1.56,3.26,3.37,17.01,89.95,0,0.39,33,success
18,13,0.36,4.3,0.95,1.68,3.38,3.58,345.17,89.56,0,0.39,33,success
18,14,0.33,4.7,1.55,1.48,3.56,4.05,88.31,89.11,0,0.39,33,success
18,15,1.78,4.29,1.47,0.27,3.99,4.26,155.56,88.75,0,0.39,33,success
18,16,0.68,4.37,0.73,1.57,4.22,4.74,107.68,87.79,0,0.39,33,success
18,17,0.54,4.72,0.43,0.8,4.39,5.11,331.16,86.65,0,0.39,33,success
18,18,0.9,4.84,0.1,1.07,4.41,5.55,42.7,86.33,0,0.39,33,success
18,19,0.76,4.95,0.27,1.64,4.82,5.69,193.38,85.22,0,0.39,33,success
18,20,0.79,4.87,0.52,1.31,5.01,6.09,27.22,84.7,0,0.39,33,success
18,21,1.18,4.86,1.77,0.14,5.26,6.35,317.62,84.17,0,0.39,33,success
18,22,0.86,4.39,1.44,1.24,5.55,6.62,69.29,83.47,0,0.39,33,success
18,23,0.35,4.71,1.04,1.43,5.96,6.89,122.92,83.1,0,0.39,33,success
18,24,0.81,4.43,1.5,0.42,6.26,6.96,306.77,82.05,0,0.39,33,success
18,25,0.79,4.76,0.78,1.18,6.27,7.14,312.61,81.1,0,0.39,33,success
18,26,2.24,4.01,0.42,1.36,6.55,7.39,62.56,80.61,0,0.39,33,success
18,27,1.2,4.86,1.54,0.56,6.62,7.42,292.81,80.08,0,0.39,33,success
18,28,0.68,4.72,0.74,1.22,6.99,7.65,103.45,79.29,0,0.39,33,success
18,29,0.48,4.72,0.53,1.33,7.11,8.08,23.05,78.11,0,0.39,33,success
18,30,0.81,4.85,1.75,0.14,7.22,8.47,3.96,77.24,0,0.39,33,success
18,31,1.34,4.12,0.14,0.74,7.61,8.82,216.68,76.37,0,0.39,33,success
18,32,0.63,4.71,1.41,1.36,7.86,8.86,322.56,75.92,0,0.39,33,success
19,0,0.72,4.3,1.1,1.68,0.21,0.02,263.87,99.49,0,0.33,18,success
19,1,0.91,4.96,1.22,0.3,0.39,0.08,224.24,98.64,0,0.33,18,success
19,2,0.87,4.77,1.48,1.85,0.56,0.41,93.71,98.08,0,0.33,18,success
19,3,2.33,4.98,0.75,0.7,1.03,0.66,348.39,96.99,0,0.33,18,success
19,4,0.57,4.46,0.64,0.8,1.07,0.98,173.66,96.08,0,0.33,18,success
19,5,0.51,4.3,0.65,1.92,1.39,1.44,139.2,95.25,0,0.33,18,success
19,6,0.74,4.58,0.37,1.52,1.68,1.73,324.3,94.52,0,0.33,18,success
19,7,0.36,4.75,1.22,0.52,1.82,1.74,174.28,93.53,0,0.33,18,success
19,8,1.3,4.16,1.75,1.27,2.29,2.01,59.09,92.82,0,0.33,18,success
19,9,0.36,3.94,1.24,1.91,2.61,2.14,331.75,91.63,0,0.33,18,success
19,10,0.54,4.91,1.09,1.21,2.83,2.25,177.22,90.72,0,0.33,18,success
19,11,0.38,4.68,1.81,0.11,3.03,2.41,252.63,90.05,0,0.33,18,success
19,12,0.47,4.98,0.96,1.83,3.34,2.6,357.12,89.66,0,0.33,18,success
19,13,1.72,4.89,1.54,0.14,3.38,2.68,126.67,89.14,0,0.33,18,success
19,14,0.56,4.88,1.59,1.69,3.72,2.71,269.22,88.41,0,0.33,18,success
19,15,1.08,4.61,0.12,1.24,3.98,2.9,55.94,87.85,0,0.33,18,success
19,16,0.93,4.29,1.98,1.67,4.16,3.06,16.19,87.29,0,0.33,18,success
19,17,1.61,4.86,0.31,1.99,4.17,3.16,223.07,86.7,0,0.33,18,success
20,0,0.67,4.72,0.33,1.36,0.24,0.42,85.33,99.25,0,0.87,22,partial
20,1,0.99,3.56,1.43,1.33,0.74,0.91,162.74,98.18,0,0.87,22,partial
20,2,0.36,3.42,0.8,1.51,1.18,1.13,82.85,97.72,0,0.87,22,partial
20,3,1.04,4.48,0.17,1.35,1.42,1.15,85.5,96.56,0,0.87,22,partial
20,4,0.73,4.22,0.24,1.08,1.61,1.36,219.35,95.49,0,0.87,22,partial
20,5,1.39,4.74,1.58,1.65,1.86,1.79,194.56,94.63,0,0.87,22,partial
20,6,0.67,4.98,0.86,1.99,1.94,2.11,26.59,94.1,0,0.87,22,partial
20,7,0.87,4.87,1.89,1.76,2.25,2.12,225.88,93.12,0,0.87,22,partial
20,8,0.83,4.87,0.71,1.35,2.68,2.28,56.9,92.2,0,0.87,22,partial
20,9,1.8,4.64,0.69,0.8,2.92,2.51,46.63,91.45,0,0.87,22,partial
20,10,0.64,4.2,1.36,2.0,3.08,2.66,69.5,90.75,0,0.87,22,partial
20,11,1.22,4.11,0.89,1.38,3.31,3.07,197.12,89.92,0,0.87,22,partial
20,12,0.79,3.68,0.84,0.66,3.38,3.07,158.69,89.36,0,0.87,22,partial
20,13,0.38,3.52,1.73,1.87,3.83,3.45,284.87,88.75,0,0.87,22,partial
20,14,1.47,4.24,1.98,1.56,4.2,3.66,200.68,87.58,0,0.87,22,partial
20,15,0.6,3.97,1.18,1.77,4.47,3.99,90.03,86.84,0,0.87,22,partial
20,16,1.46,4.96,1.66,1.68,4.85,4.41,56.27,85.71,0,0.87,22,partial
20,17,1.87,4.99,0.47,1.32,4.91,4.6,170.66,85.38,0,0.87,22,partial
20,18,0.37,4.96,0.27,1.46,4.99,4.6,56.87,84.6,0,0.87,22,partial
20,19,0.97,4.47,0.99,1.47,5.31,4.75,93.86,83.8,0,0.87,22,partial
20,20,0.6,4.65,1.95,0.49,5.49,4.78,110.09,83.08,0,0.87,22,partial
20,21,0.5,3.25,0.9,1.85,5.94,4.87,318.38,82.61,0,0.87,22,partial
21,0,0.55,4.92,0.47,1.78,0.32,0.09,21.22,99.27,0,0.47,42,success
21,1,0.88,4.66,1.1,1.36,0.52,0.31,123.2,98.8,0,0.47,42,success
21,2,0.88,4.65,1.52,0.26,0.92,0.4,160.28,98.02,0,0.47,42,success
21,3,0.38,4.45,1.77,0.52,1.36,0.54,36.2,97.34,0,0.47,42,success
21,4,1.11,3.92,1.74,0.32,1.86,0.7,215.6,96.9,0,0.47,42,success
21,5,0.53,4.25,0.52,0.29,1.96,1.09,174.18,96.4,0,0.47,42,success
21,6,0.61,4.25,0.26,1.24,2.05,1.2,111.94,95.26,0,0.47,42,success
21,7,0.46,4.85,1.02,1.25,2.07,1.53,31.05,94.1,0,0.47,42,success
21,8,0.93,4.31,0.66,0.84,2.26,1.86,69.51,93.02,0,0.47,42,success
21,9,0.36,4.82,0.89,0.24,2.29,2.07,298.21,92.13,0,0.47,42,success
21,10,0.76,4.43,0.33,1.08,2.44,2.35,156.24,91.55,0,0.47,42,success
21,11,1.13,4.71,1.72,0.68,2.7,2.79,7.0,90.64,0,0.47,42,success
21,12,1.31,4.21,0.74,0.77,2.91,2.93,282.56,89.83,0,0.47,42,success
21,13,0.59,4.99,1.36,1.91,3.22,3.31,91.32,88.96,0,0.47,42,success
21,14,0.32,4.74,0.32,1.13,3.26,3.42,199.25,88.03,0,0.47,42,success
21,15,0.58,3.75,1.86,0.41,3.34,3.89,79.71,87.66,0,0.47,42,success
21,16,0.94,3.17,1.45,0.37,3.69,4.24,295.64,86.8,0,0.47,42,success
21,17,1.18,4.47,1.86,1.26,3.91,4.58,343.96,85.79,0,0.47,42,success
21,18,1.32,3.95,1.1,0.73,4.29,5.0,1.02,84.88,0,0.47,42,success
21,19,0.38,4.71,1.77,1.66,4.7,5.42,345.14,83.99,0,0.47,42,success
21,20,0.31,3.47,0.87,1.83,4.98,5.64,122.97,82.98,0,0.47,42,success
21,21,0.73,4.47,0.58,0.5,5.07,6.06,262.42,81.82,0,0.47,42,success
21,22,0.57,4.22,0.59,1.16,5.47,6.29,312.91,81.2,0,0.47,42,success
21,23,0.97,4.74,1.6,1.09,5.78,6.33,224.84,80.85,0,0.47,42,success
21,24,1.64,4.52,0.63,1.33,6.12,6.65,346.19,79.94,0,0.47,42,success
21,25,0.96,3.92,0.26,0.68,6.16,6.77,310.1,79.53,0,0.47,42,success
21,26,1.66,4.67,0.33,1.06,6.34,6.82,227.19,78.6,0,0.47,42,success
21,27,2.8,4.96,0.25,0.24,6.39,7.05,251.73,78.06,0,0.47,42,success
21,28,1.32,4.78,0.14,0.45,6.58,7.29,215.59,77.1,0,0.47,42,success
21,29,0.74,4.71,1.54,1.62,6.83,7.5,75.79,76.65,0,0.47,42,success
21,30,1.12,4.02,1.45,0.87,7.31,7.78,336.73,76.04,0,0.47,42,success
21,31,0.41,4.79,0.57,0.32,7.67,8.1,116.16,75.0,0,0.47,42,success
21,32,0.36,4.62,0.25,0.77,7.73,8.52,226.28,74.54,0,0.47,42,success
21,33,2.0,3.81,0.29,0.56,7.98,8.85,294.96,73.61,0,0.47,42,success
21,34,0.76,3.92,1.57,0.14,8.47,9.2,81.29,73.1,0,0.47,42,success
21,35,0.71,4.93,1.96,1.59,8.87,9.69,165.83,72.52,0,0.47,42,success
21,36,1.2,4.3,1.66,1.34,9.02,9.7,334.87,72.0,0,0.47,42,success
21,37,0.75,4.66,1.67,0.62,9.41,9.74,119.13,71.08,0,0.47,42,success
21,38,1.79,4.92,1.44,0.38,9.72,10.08,266.32,70.39,0,0.47,42,success
21,39,1.07,4.48,1.69,0.23,10.03,10.24,201.59,69.99,0,0.47,42,success
21,40,0.78,4.83,1.8,1.93,10.34,10.52,94.1,69.07,0,0.47,42,success
21,41,0.31,4.41,1.24,1.99,10.53,10.91,71.5,68.6,0,0.47,42,success
22,0,0.97,4.57,1.52,1.23,0.39,0.36,1.14,98.89,0,0.39,30,success
22,1,1.35,4.49,1.64,1.8,0.48,0.37,102.87,98.0,0,0.39,30,success
22,2,1.34,4.85,0.96,1.08,0.69,0.43,83.12,97.25,0,0.39,30,success
22,3,0.73,4.74,0.79,0.15,0.9,0.71,31.89,96.75,0,0.39,30,success
22,4,0.43,3.66,1.58,1.26,1.0,0.96,260.06,95.61,0,0.39,30,success
22,5,0.63,4.35,1.67,0.83,1.15,1.31,144.52,95.16,0,0.39,30,success
22,6,0.89,4.56,1.92,1.05,1.48,1.56,106.68,94.04,0,0.39,30,success
22,7,0.62,4.43,0.99,1.48,1.68,1.77,7.61,92.87,0,0.39,30,success
22,8,0.37,4.18,1.09,1.75,1.75,2.1,336.53,92.14,0,0.39,30,success
22,9,0.36,4.69,0.71,1.11,2.03,2.4,34.51,91.18,0,0.39,30,success
22,10,0.71,3.65,0.38,1.73,2.52,2.58,259.18,90.3,0,0.39,30,success
22,11,0.5,2.78,0.33,0.88,2.84,3.04,197.65,89.75,0,0.39,30,success
22,12,0.81,3.17,1.25,1.96,3.31,3.11,215.51,89.44,0,0.39,30,success
22,13,0.39,4.76,0.2,1.81,3.63,3.58,137.66,88.27,0,0.39,30,success
22,14,1.94,4.76,1.22,0.89,3.7,3.97,246.68,87.82,0,0.39,30,success
22,15,0.89,4.83,1.64,0.62,3.86,4.33,321.97,87.31,0,0.39,30,success
22,16,0.5,3.98,1.48,0.18,4.34,4.51,277.23,86.99,0,0.39,30,success
22,17,0.85,4.6,1.66,0.54,4.47,4.59,121.58,86.59,0,0.39,30,success
22,18,1.63,4.59,0.33,0.58,4.79,4.87,271.81,86.05,0,0.39,30,success
22,19,2.13,4.62,0.98,1.96,5.2,5.11,126.65,85.24,0,0.39,30,success
22,20,0.63,4.84,1.62,1.89,5.47,5.31,294.2,84.31,0,0.39,30,success
22,21,0.63,4.92,0.39,0.57,5.93,5.56,300.04,83.12,0,0.39,30,success
22,22,0.62,4.69,1.96,1.61,6.16,6.04,2.37,82.42,0,0.39,30,success
22,23,0.62,4.95,1.76,0.6,6.42,6.35,126.08,81.46,0,0.39,30,success
22,24,1.11,4.88,1.08,1.97,6.66,6.64,211.73,81.14,0,0.39,30,success
22,25,0.38,3.97,0.35,1.29,7.03,6.99,357.02,80.33,0,0.39,30,success
22,26,0.55,4.5,0.11,1.9,7.22,7.39,9.87,79.68,0,0.39,30,success
22,27,1.22,3.43,0.43,1.68,7.26,7.49,27.31,78.66,0,0.39,30,success
22,28,0.44,3.75,1.25,1.44,7.69,7.64,71.69,78.3,0,0.39,30,success
22,29,0.44,3.52,1.48,1.11,7.85,7.69,146.3,77.86,0,0.39,30,success
23,0,1.44,4.86,1.76,0.26,0.4,0.17,168.65,99.4,0,0.42,28,success
23,1,1.14,4.8,0.5,1.76,0.9,0.63,352.45,98.78,0,0.42,28,success
23,2,0.86,4.55,0.64,1.67,1.29,0.82,56.04,98.28,0,0.42,28,success
23,3,0.53,4.97,0.45,0.56,1.56,0.85,356.53,97.34,0,0.42,28,success
23,4,0.89,4.45,0.8,1.77,1.63,0.9,335.58,96.52,0,0.42,28,success
23,5,0.43,3.66,1.56,1.19,1.86,1.09,133.76,95.84,0,0.42,28,success
23,6,0.5,3.79,0.56,1.64,2.07,1.21,93.56,95.48,0,0.42,28,success
23,7,1.27,4.71,0.9,1.8,2.24,1.41,325.34,94.57,0,0.42,28,success
23,8,1.11,4.54,1.78,0.23,2.43,1.44,274.53,93.9,0,0.42,28,success
23,9,1.45,4.86,1.73,0.54,2.54,1.64,355.96,92.75,0,0.42,28,success
23,10,0.89,3.05,0.97,0.46,2.6,1.96,212.2,91.96,0,0.42,28,success
23,11,0.65,4.3,1.16,1.05,2.81,1.99,144.93,90.91,0,0.42,28,success
23,12,1.06,4.25,1.8,1.09,2.82,2.4,210.51,89.76,0,0.42,28,success
23,13,0.52,4.46,0.31,1.03,3.07,2.87,311.49,88.83,0,0.42,28,success
23,14,0.31,4.25,0.1,0.46,3.24,3.1,48.79,87.65,0,0.42,28,success
23,15,0.61,3.79,2.0,1.26,3.32,3.56,114.48,86.65,0,0.42,28,success
23,16,0.81,4.91,0.99,0.79,3.73,3.72,33.41,86.15,0,0.42,28,success
23,17,0.52,4.36,0.11,0.3,3.84,4.07,221.09,85.35,0,0.42,28,success
23,18,0.74,4.83,0.35,1.97,4.34,4.1,222.26,84.31,0,0.42,28,success
23,19,0.54,4.68,1.53,0.59,4.56,4.41,271.25,83.33,0,0.42,28,success
23,20,0.34,4.94,0.22,0.49,4.57,4.7,227.08,83.02,0,0.42,28,success
23,21,0.85,4.81,1.03,0.77,4.8,4.78,181.19,82.42,0,0.42,28,success
23,22,0.87,4.02,0.73,0.86,4.97,4.89,303.59,81.29,0,0.42,28,success
23,23,0.36,4.3,1.58,0.57,5.07,5.12,21.69,80.42,0,0.42,28,success
23,24,1.35,4.79,1.57,1.07,5.3,5.13,247.14,79.55,0,0.42,28,success
23,25,0.92,4.88,1.04,1.38,5.52,5.3,112.84,78.97,0,0.42,28,success
23,26,0.66,4.94,0.13,1.01,5.85,5.6,101.13,77.77,0,0.42,28,success
23,27,1.01,4.18,1.01,1.22,6.28,5.61,121.68,76.8,0,0.42,28,success
24,0,0.62,4.86,0.95,1.87,0.47,0.38,304.68,99.58,0,0.6,42,success
24,1,0.31,4.59,1.87,0.83,0.89,0.62,157.87,99.23,0,0.6,42,success
24,2,0.97,4.88,1.1,0.91,1.36,0.8,351.88,98.83,0,0.6,42,success
24,3,0.67,4.94,1.08,1.49,1.81,1.07,193.78,98.37,0,0.6,42,success
24,4,0.33,4.34,1.78,1.95,1.91,1.55,76.16,97.91,0,0.6,42,success
24,5,0.39,4.57,0.3,0.14,2.12,1.56,290.33,96.94,0,0.6,42,success
24,6,0.51,4.97,0.46,1.05,2.34,1.63,321.47,96.53,0,0.6,42,success
24,7,0.54,4.6,1.72,1.78,2.59,1.85,265.76,95.88,0,0.6,42,success
24,8,0.7,4.17,0.51,0.24,2.86,2.07,316.96,95.17,0,0.6,42,success
24,9,0.35,4.8,0.7,1.24,3.07,2.28,230.87,94.04,0,0.6,42,success
24,10,1.16,4.98,0.32,1.0,3.27,2.3,150.94,93.14,0,0.6,42,success
24,11,1.08,4.43,0.47,0.36,3.47,2.41,309.35,92.42,0,0.6,42,success
24,12,0.43,3.75,0.76,0.45,3.75,2.78,206.25,91.95,0,0.6,42,success
24,13,1.19,4.13,1.62,1.86,3.93,3.02,313.15,90.88,0,0.6,42,success
24,14,0.65,2.79,0.17,0.7,3.98,3.27,273.88,90.16,0,0.6,42,success
24,15,1.27,4.61,1.17,0.52,4.29,3.66,315.96,89.44,0,0.6,42,success
24,16,0.79,4.84,1.5,1.33,4.55,3.91,149.34,88.66,0,0.6,42,success
24,17,0.72,3.46,0.27,1.12,4.79,4.18,70.51,87.58,0,0.6,42,success
24,18,0.78,4.62,0.9,1.25,5.28,4.31,179.75,86.98,0,0.6,42,success
24,19,0.97,4.83,0.42,1.07,5.54,4.44,337.7,85.89,0,0.6,42,success
24,20,1.16,4.56,0.34,0.74,5.75,4.67,272.36,85.49,0,0.6,42,success
24,21,0.33,4.92,1.75,1.32,5.99,4.83,4.88,84.89,0,0.6,42,success
24,22,0.98,4.63,1.33,1.44,6.3,4.88,280.67,83.98,0,0.6,42,success
24,23,1.01,4.91,1.5,0.26,6.78,5.1,220.16,82.82,0,0.6,42,success
24,24,0.36,4.06,1.21,1.81,6.86,5.23,87.86,81.76,0,0.6,42,success
24,25,0.93,4.99,1.65,1.85,7.18,5.59,143.57,80.81,0,0.6,42,success
24,26,0.59,4.23,1.15,0.46,7.57,5.79,325.88,79.71,0,0.6,42,success
24,27,0.54,4.25,1.21,0.31,7.96,6.24,112.55,78.8,0,0.6,42,success
24,28,0.6,4.05,0.56,0.65,8.37,6.27,237.32,77.95,0,0.6,42,success
24,29,1.82,4.96,1.28,0.17,8.63,6.66,279.52,77.49,0,0.6,42,success
24,30,1.11,4.94,0.59,0.93,8.91,6.89,248.82,76.62,0,0.6,42,success
24,31,0.46,4.71,1.03,1.53,9.16,7.17,225.42,75.78,0,0.6,42,success
24,32,1.32,4.93,1.95,0.32,9.6,7.44,10.32,75.21,0,0.6,42,success
24,33,0.57,4.88,0.17,1.39,9.81,7.59,145.86,74.06,0,0.6,42,success
24,34,0.93,4.94,1.02,0.86,10.22,8.02,215.49,73.64,0,0.6,42,success
24,35,0.37,4.89,0.44,1.91,10.39,8.08,111.65,72.74,0,0.6,42,success
24,36,0.46,4.76,0.84,0.69,10.6,8.42,206.03,72.03,0,0.6,42,success
24,37,0.43,4.86,1.3,0.58,10.62,8.45,132.47,71.33,0,0.6,42,success
24,38,2.69,4.99,1.81,1.33,11.1,8.82,267.54,70.37,0,0.6,42,success
24,39,0.55,4.65,1.84,0.37,11.27,9.32,2.25,69.32,0,0.6,42,success
24,40,0.63,4.84,0.92,1.54,11.38,9.72,163.34,68.62,0,0.6,42,success
24,41,0.81,3.77,1.55,0.58,11.57,10.02,183.19,67.99,0,0.6,42,success
25,0,0.94,4.3,0.54,1.15,0.21,0.13,245.45,99.37,0,0.9,35,partial
25,1,0.71,3.45,1.89,1.54,0.39,0.19,72.11,99.0,0,0.9,35,partial
25,2,0.76,4.4,0.68,0.57,0.51,0.63,231.62,98.47,0,0.9,35,partial
25,3,1.03,2.82,1.64,1.54,0.67,1.02,10.74,97.81,0,0.9,35,partial
25,4,0.76,4.75,0.6,0.86,1.12,1.49,259.73,97.24,0,0.9,35,partial
25,5,0.44,4.69,0.26,1.79,1.55,1.57,76.78,96.83,0,0.9,35,partial
25,6,0.48,5.0,1.03,0.23,1.65,1.63,15.09,96.36,0,0.9,35,partial
25,7,1.12,4.5,0.58,1.15,1.94,1.83,307.49,96.05,0,0.9,35,partial
25,8,2.26,4.93,1.1,0.4,2.35,1.94,109.06,95.06,0,0.9,35,partial
25,9,1.54,4.71,0.67,1.6,2.42,2.14,357.59,94.73,0,0.9,35,partial
25,10,0.48,4.7,0.25,1.0,2.47,2.3,122.85,93.96,0,0.9,35,partial
25,11,0.33,4.68,1.19,0.39,2.96,2.64,223.53,92.97,0,0.9,35,partial
25,12,0.46,4.82,0.78,0.36,3.25,2.81,70.43,92.57,0,0.9,35,partial
25,13,0.41,4.54,1.85,0.59,3.5,3.16,240.7,91.48,0,0.9,35,partial
25,14,2.18,4.24,1.09,1.94,3.66,3.46,160.17,90.33,0,0.9,35,partial
25,15,0.83,4.28,0.78,1.93,3.82,3.79,79.72,89.74,0,0.9,35,partial
25,16,1.04,4.91,1.91,0.95,4.31,3.89,277.73,89.18,0,0.9,35,partial
25,17,0.3,3.67,1.1,1.24,4.45,4.16,83.67,88.58,0,0.9,35,partial
25,18,1.02,4.92,0.21,0.89,4.57,4.49,226.76,88.05,0,0.9,35,partial
25,19,0.49,2.54,0.98,1.62,4.62,4.95,206.39,87.4,0,0.9,35,partial
25,20,0.36,4.88,1.03,0.85,4.73,5.39,137.74,86.96,0,0.9,35,partial
25,21,0.76,4.16,1.11,0.97,5.16,5.68,78.68,86.2,0,0.9,35,partial
25,22,2.48,5.0,1.56,0.73,5.63,5.98,192.93,85.12,0,0.9,35,partial
25,23,1.64,4.66,1.39,1.68,5.84,6.33,309.73,84.48,0,0.9,35,partial
25,24,0.92,4.4,0.65,1.76,6.23,6.56,299.81,84.15,0,0.9,35,partial
25,25,0.55,3.59,1.2,1.93,6.4,6.75,192.97,83.73,0,0.9,35,partial
25,26,1.22,4.67,1.69,0.22,6.58,7.07,159.7,82.87,0,0.9,35,partial
25,27,0.7,4.72,1.3,0.37,6.95,7.49,43.35,81.74,0,0.9,35,partial
25,28,0.42,4.74,0.87,0.46,7.25,7.73,349.03,80.95,0,0.9,35,partial
25,29,0.81,4.71,1.35,1.94,7.44,8.08,194.89,80.52,0,0.9,35,partial
25,30,0.46,4.75,1.27,1.52,7.93,8.39,75.11,79.89,0,0.9,35,partial
25,31,0.61,4.51,1.12,1.26,8.19,8.41,107.09,78.9,0,0.9,35,partial
25,32,1.91,4.8,0.54,1.7,8.29,8.51,125.52,78.05,0,0.9,35,partial
25,33,0.41,3.03,1.5,1.72,8.3,8.54,181.02,76.92,0,0.9,35,partial
25,34,0.74,4.86,0.51,1.89,8.58,8.86,356.77,76.11,0,0.9,35,partial
26,0,0.37,4.64,1.11,1.39,0.23,0.47,237.16,99.46,0,1.0,34,partial
26,1,0.69,4.12,1.86,1.5,0.66,0.57,345.93,98.92,0,1.0,34,partial
26,2,0.73,4.86,1.27,1.16,0.97,0.96,152.3,98.17,0,1.0,34,partial
26,3,0.58,4.48,0.59,0.38,1.15,1.08,163.44,97.66,0,1.0,34,partial
26,4,0.8,3.09,1.81,0.23,1.48,1.23,56.41,97.3,0,1.0,34,partial
26,5,0.51,4.85,0.92,1.77,1.9,1.72,287.1,96.71,0,1.0,34,partial
26,6,0.42,4.47,1.68,1.11,2.03,1.95,358.04,95.94,0,1.0,34,partial
26,7,0.37,4.7,1.97,0.63,2.16,2.17,236.15,94.85,0,1.0,34,partial
26,8,0.37,4.93,1.23,1.8,2.54,2.34,313.58,93.76,0,1.0,34,partial
26,9,0.41,4.65,1.79,0.94,2.7,2.61,311.84,92.77,0,1.0,34,partial
26,10,0.38,4.34,0.8,1.42,2.79,2.81,358.03,92.09,0,1.0,34,partial
26,11,0.88,4.73,0.53,1.5,3.06,2.98,232.23,91.28,0,1.0,34,partial
26,12,0.55,4.32,0.43,1.65,3.53,3.39,2.93,90.17,0,1.0,34,partial
26,13,1.96,4.26,0.17,0.18,4.01,3.55,68.62,89.85,0,1.0,34,partial
26,14,1.33,4.24,0.66,1.31,4.02,3.56,58.61,89.35,0,1.0,34,partial
26,15,1.75,4.61,0.94,0.3,4.03,3.67,320.36,89.05,0,1.0,34,partial
26,16,0.56,4.21,1.78,0.93,4.16,4.02,359.47,88.59,0,1.0,34,partial
26,17,0.67,4.8,1.35,0.88,4.24,4.25,226.3,87.86,0,1.0,34,partial
26,18,0.6,4.72,0.94,0.39,4.62,4.36,79.61,87.41,0,1.0,34,partial
26,19,0.31,3.79,1.23,0.24,4.91,4.73,35.56,86.47,0,1.0,34,partial
26,20,1.52,4.44,0.28,0.76,5.23,5.07,240.89,85.86,0,1.0,34,partial
26,21,1.0,4.76,1.39,0.2,5.34,5.1,233.1,85.31,0,1.0,34,partial
26,22,0.45,3.86,1.7,1.67,5.7,5.39,90.21,84.4,0,1.0,34,partial
26,23,0.55,4.62,1.49,1.9,5.74,5.43,223.05,84.01,0,1.0,34,partial
26,24,0.54,4.53,0.62,0.21,6.1,5.51,335.67,82.87,0,1.0,34,partial
26,25,0.58,3.47,0.24,1.01,6.12,5.64,342.43,82.44,0,1.0,34,partial
26,26,1.62,4.39,0.15,1.1,6.42,5.92,343.19,81.31,0,1.0,34,partial
26,27,0.83,4.8,1.4,0.7,6.57,6.1,127.11,80.22,0,1.0,34,partial
26,28,0.39,4.93,0.35,1.71,6.61,6.37,63.55,79.71,0,1.0,34,partial
26,29,0.38,4.69,1.54,1.56,6.78,6.47,121.65,78.86,0,1.0,34,partial
26,30,1.23,4.54,0.43,0.31,7.26,6.65,40.36,78.39,0,1.0,34,partial
26,31,0.38,4.13,1.62,1.47,7.39,6.97,121.73,77.39,0,1.0,34,partial
26,32,0.76,4.79,0.11,1.53,7.66,7.25,31.89,76.75,0,1.0,34,partial
26,33,0.84,4.73,1.57,1.0,8.07,7.44,305.98,76.26,0,1.0,34,partial
27,0,0.66,4.94,0.45,0.71,0.34,0.3,202.18,98.82,0,0.22,11,collision
27,1,1.28,4.56,1.12,1.42,0.72,0.48,36.83,97.62,0,0.22,11,collision
27,2,0.57,4.55,1.69,0.63,1.05,0.78,316.93,96.97,0,0.22,11,collision
27,3,0.79,4.16,1.51,1.33,1.12,0.86,295.23,96.23,0,0.22,11,collision
27,4,0.34,4.69,0.84,1.44,1.31,1.16,53.89,95.37,0,0.22,11,collision
27,5,0.66,3.01,1.84,1.72,1.78,1.19,88.39,94.99,0,0.22,11,collision
27,6,1.39,4.48,1.17,1.0,1.78,1.67,164.31,94.43,0,0.22,11,collision
27,7,0.4,4.59,0.23,0.83,1.87,1.85,109.43,93.35,1,0.22,11,collision
27,8,0.34,4.71,0.13,0.54,1.95,2.28,197.19,93.02,0,0.22,11,collision
27,9,1.1,4.81,1.81,1.24,2.09,2.62,70.08,92.37,0,0.22,11,collision
27,10,1.62,4.67,0.26,1.95,2.11,3.06,59.43,91.31,1,0.22,11,collision
28,0,0.93,4.59,0.72,0.63,0.26,0.3,314.69,98.91,0,0.46,35,success
28,1,0.31,4.39,0.12,0.67,0.44,0.64,132.79,98.48,0,0.46,35,success
28,2,0.51,4.6,0.62,1.2,0.72,0.79,24.06,97.77,0,0.46,35,success
28,3,0.58,3.5,0.49,1.41,1.17,0.85,294.88,97.27,0,0.46,35,success
28,4,0.89,4.69,0.19,0.57,1.17,1.13,13.44,96.32,0,0.46,35,success
28,5,2.6,4.76,1.9,0.98,1.24,1.5,78.25,95.14,0,0.46,35,success
28,6,0.54,4.64,0.67,0.17,1.47,1.99,280.94,94.75,0,0.46,35,success
28,7,0.69,4.83,1.36,1.26,1.56,2.36,211.53,94.4,0,0.46,35,success
28,8,1.13,4.59,1.81,0.57,1.65,2.75,124.57,93.5,0,0.46,35,success
28,9,2.12,4.37,1.49,0.98,1.85,2.85,208.04,92.81,0,0.46,35,success
28,10,1.15,3.7,0.4,0.77,2.24,2.97,189.13,91.64,0,0.46,35,success
28,11,0.47,4.93,0.11,0.64,2.24,2.98,76.16,91.13,0,0.46,35,success
28,12,1.23,4.81,1.89,0.33,2.36,3.39,219.67,90.02,0,0.46,35,success
28,13,0.55,4.94,1.13,1.36,2.72,3.75,7.04,89.53,0,0.46,35,success
28,14,0.45,4.75,1.43,1.63,2.78,3.8,284.45,88.48,0,0.46,35,success
28,15,0.5,4.32,0.81,1.21,2.82,3.97,14.98,88.11,0,0.46,35,success
28,16,1.59,4.77,1.18,0.29,3.02,4.19,156.66,87.1,0,0.46,35,success
28,17,0.45,4.25,1.0,1.7,3.49,4.65,60.69,86.28,0,0.46,35,success
28,18,0.42,3.85,0.3,1.4,3.82,4.73,245.35,85.53,0,0.46,35,success
28,19,0.86,4.9,0.85,1.78,4.24,4.81,262.41,84.37,0,0.46,35,success
28,20,0.4,4.66,0.63,1.51,4.69,4.86,285.85,83.8,0,0.46,35,success
28,21,0.9,3.06,0.95,1.56,4.87,5.32,137.02,83.05,0,0.46,35,success
28,22,0.83,4.79,0.6,0.45,5.17,5.45,356.23,82.61,0,0.46,35,success
28,23,0.74,4.48,0.29,1.27,5.3,5.77,112.48,82.3,0,0.46,35,success
28,24,0.93,4.18,1.79,0.54,5.41,6.21,10.94,81.61,0,0.46,35,success
28,25,0.35,3.94,0.69,0.61,5.7,6.3,355.9,80.93,0,0.46,35,success
28,26,1.83,4.79,0.26,0.53,5.77,6.74,117.38,80.04,0,0.46,35,success
28,27,0.99,4.32,1.21,1.52,6.1,6.99,330.35,79.5,0,0.46,35,success
28,28,1.26,4.19,1.82,0.66,6.16,7.17,131.03,78.82,0,0.46,35,success
28,29,2.19,4.65,0.17,0.91,6.24,7.33,307.73,77.93,0,0.46,35,success
28,30,0.44,4.86,0.62,1.21,6.28,7.61,327.65,77.6,0,0.46,35,success
28,31,0.83,3.95,1.52,2.0,6.38,7.84,304.27,76.41,0,0.46,35,success
28,32,1.14,4.67,0.72,0.88,6.63,8.03,282.71,75.55,0,0.46,35,success
28,33,0.47,4.67,0.99,1.19,7.0,8.07,280.42,74.73,0,0.46,35,success
28,34,0.45,4.92,0.28,0.76,7.18,8.11,218.2,74.19,0,0.46,35,success
29,0,1.13,4.14,1.05,1.83,0.21,0.49,299.89,98.91,0,0.38,15,success
29,1,0.57,4.98,1.29,1.31,0.61,0.98,270.61,98.05,0,0.38,15,success
29,2,0.67,4.8,1.69,1.84,0.65,1.27,233.67,97.47,0,0.38,15,success
29,3,1.04,4.39,1.01,0.97,0.71,1.31,17.77,96.45,0,0.38,15,success
29,4,1.09,4.21,1.48,0.61,1.07,1.66,68.33,95.41,0,0.38,15,success
29,5,0.81,4.78,1.61,0.23,1.36,1.99,305.82,94.24,0,0.38,15,success
29,6,0.63,4.65,1.68,0.43,1.75,2.34,142.81,93.5,0,0.38,15,success
29,7,1.16,4.98,0.21,0.12,2.04,2.51,289.75,92.39,0,0.38,15,success
29,8,0.45,3.91,1.36,1.03,2.38,2.89,25.0,91.93,0,0.38,15,success
29,9,0.49,4.83,0.3,0.56,2.43,3.32,358.05,90.98,0,0.38,15,success
29,10,0.35,4.6,1.66,0.41,2.46,3.66,144.85,90.21,0,0.38,15,success
29,11,0.75,4.95,1.57,0.91,2.9,3.96,300.84,89.21,0,0.38,15,success
29,12,0.67,4.01,1.7,0.87,3.18,4.06,150.1,88.3,0,0.38,15,success
29,13,1.05,4.39,1.22,0.78,3.64,4.11,136.85,87.97,0,0.38,15,success
29,14,1.28,4.71,1.55,0.24,3.92,4.17,156.14,87.23,0,0.38,15,success
30,0,1.02,3.23,1.96,1.45,0.23,0.04,208.32,99.42,0,0.84,34,partial
30,1,0.37,4.93,1.02,0.11,0.25,0.43,98.43,98.46,0,0.84,34,partial
30,2,0.6,4.58,0.71,0.45,0.38,0.49,208.14,97.98,0,0.84,34,partial
30,3,0.38,3.49,1.23,0.44,0.67,0.67,126.59,97.26,0,0.84,34,partial
30,4,0.3,4.98,0.27,1.19,0.81,0.77,207.58,96.4,0,0.84,34,partial
30,5,0.32,4.87,1.74,0.45,0.82,0.96,166.61,95.56,0,0.84,34,partial
30,6,1.44,3.45,1.85,1.84,1.07,1.38,240.92,94.78,0,0.84,34,partial
30,7,1.43,4.78,1.11,1.63,1.1,1.39,209.82,93.91,0,0.84,34,partial
30,8,0.63,4.74,0.81,0.15,1.35,1.57,264.14,93.12,0,0.84,34,partial
30,9,0.42,4.96,0.94,1.25,1.36,1.59,165.79,92.02,0,0.84,34,partial
30,10,0.37,3.93,0.17,0.8,1.86,1.84,290.02,91.19,0,0.84,34,partial
30,11,0.72,4.95,1.49,0.2,2.19,1.85,237.78,90.2,0,0.84,34,partial
30,12,0.36,4.85,0.29,0.93,2.54,2.22,246.33,89.49,0,0.84,34,partial
30,13,0.69,4.9,0.66,0.58,2.82,2.61,255.27,88.93,0,0.84,34,partial
30,14,0.4,4.72,0.86,0.21,2.9,2.8,29.35,87.99,0,0.84,34,partial
30,15,0.43,4.98,1.31,0.54,3.36,3.09,110.37,87.1,0,0.84,34,partial
30,16,0.6,4.88,0.14,1.73,3.76,3.2,11.96,86.79,0,0.84,34,partial
30,17,0.93,4.28,0.23,0.61,4.1,3.53,236.27,86.13,0,0.84,34,partial
30,18,0.72,4.63,0.46,0.2,4.11,4.01,348.42,85.09,0,0.84,34,partial
30,19,0.54,4.14,0.94,1.66,4.37,4.3,68.43,84.44,0,0.84,34,partial
30,20,0.72,4.97,1.45,0.95,4.65,4.46,152.81,83.62,0,0.84,34,partial
30,21,1.34,4.79,0.47,0.48,4.71,4.7,306.89,82.88,0,0.84,34,partial
30,22,1.31,5.0,0.61,1.21,4.71,4.99,215.15,82.49,0,0.84,34,partial
30,23,0.68,4.51,0.95,0.52,4.78,5.2,124.22,81.32,0,0.84,34,partial
30,24,0.71,4.65,0.53,1.25,5.16,5.38,121.57,80.66,0,0.84,34,partial
30,25,1.43,4.84,1.52,0.43,5.36,5.64,107.61,80.14,0,0.84,34,partial
30,26,1.26,4.82,1.39,1.83,5.74,5.83,275.42,79.24,0,0.84,34,partial
30,27,0.91,4.97,0.17,0.37,6.13,6.31,149.45,78.08,0,0.84,34,partial
30,28,0.32,4.78,0.95,1.33,6.38,6.75,104.44,76.97,0,0.84,34,partial
30,29,0.93,3.65,1.22,1.02,6.86,7.11,55.98,76.43,0,0.84,34,partial
30,30,1.67,4.86,0.23,1.17,7.34,7.18,21.54,75.32,0,0.84,34,partial
30,31,0.51,4.99,0.99,1.77,7.39,7.64,315.24,74.13,0,0.84,34,partial
30,32,0.9,4.86,1.07,1.24,7.87,7.8,66.81,73.47,0,0.84,34,partial
30,33,0.71,4.52,0.53,0.52,8.03,7.92,190.07,73.02,0,0.84,34,partial
31,0,0.73,4.58,1.1,0.83,0.17,0.44,260.78,99.59,0,0.3,45,collision
31,1,0.48,3.31,1.8,1.65,0.34,0.46,38.82,98.42,0,0.3,45,collision
31,2,0.74,4.33,1.63,1.77,0.41,0.88,97.78,97.72,0,0.3,45,collision
31,3,0.85,3.6,0.25,1.88,0.48,1.32,120.09,97.21,0,0.3,45,collision
31,4,0.5,4.62,1.36,0.66,0.82,1.35,55.93,96.24,0,0.3,45,collision
31,5,0.55,4.9,1.98,1.54,1.05,1.6,252.27,95.7,0,0.3,45,collision
31,6,0.61,4.66,1.62,0.18,1.16,1.78,329.68,94.67,0,0.3,45,collision
31,7,0.4,4.72,1.36,0.98,1.2,1.89,306.2,93.8,0,0.3,45,collision
31,8,1.15,4.84,0.42,1.73,1.67,2.12,184.88,93.19,0,0.3,45,collision
31,9,2.19,4.51,1.6,0.91,1.8,2.4,353.97,92.48,0,0.3,45,collision
31,10,0.34,4.66,0.67,0.75,2.21,2.77,38.23,91.4,1,0.3,45,collision
31,11,0.56,4.93,1.58,1.49,2.7,3.11,119.8,90.25,0,0.3,45,collision
31,12,0.38,4.11,1.8,1.25,3.1,3.13,188.79,89.54,0,0.3,45,collision
31,13,0.65,4.89,0.42,1.91,3.19,3.38,82.06,89.03,0,0.3,45,collision
31,14,0.45,2.83,1.11,1.66,3.61,3.67,128.83,88.43,0,0.3,45,collision
31,15,2.02,4.73,0.76,1.61,3.61,4.13,205.77,87.77,0,0.3,45,collision
31,16,0.98,4.94,0.55,1.62,3.78,4.49,46.83,87.39,0,0.3,45,collision
31,17,0.3,4.91,0.21,0.71,4.22,4.9,343.56,86.77,0,0.3,45,collision
31,18,1.25,4.53,0.89,1.32,4.55,5.25,195.37,85.7,0,0.3,45,collision
31,19,0.4,4.44,0.69,1.21,4.62,5.44,267.77,84.67,0,0.3,45,collision
31,20,0.88,4.05,0.17,1.96,5.07,5.67,35.0,83.79,0,0.3,45,collision
31,21,0.65,4.76,0.73,1.98,5.55,5.81,55.27,83.05,0,0.3,45,collision
31,22,0.59,4.83,0.48,0.96,6.04,6.07,265.61,82.64,0,0.3,45,collision
31,23,1.59,4.56,1.63,0.12,6.14,6.37,5.36,81.93,0,0.3,45,collision
31,24,0.33,4.42,1.44,1.24,6.23,6.75,205.74,81.43,0,0.3,45,collision
31,25,1.2,4.04,0.54,1.12,6.47,6.81,38.04,80.44,0,0.3,45,collision
31,26,0.59,4.93,1.34,1.36,6.69,7.17,1.68,79.64,0,0.3,45,collision
31,27,0.88,4.07,0.77,1.51,6.86,7.25,128.59,78.87,0,0.3,45,collision
31,28,0.3,4.53,1.67,0.42,6.91,7.54,163.7,78.53,0,0.3,45,collision
31,29,0.56,4.24,0.63,1.93,6.97,7.68,65.97,78.17,0,0.3,45,collision
31,30,1.09,4.34,1.82,1.61,7.15,8.07,88.67,77.54,0,0.3,45,collision
31,31,0.49,4.67,0.13,0.4,7.55,8.28,299.07,76.4,0,0.3,45,collision
31,32,1.1,4.92,1.31,1.42,7.64,8.46,71.45,75.96,0,0.3,45,collision
31,33,0.32,4.38,1.62,1.11,8.07,8.7,217.19,75.18,1,0.3,45,collision
31,34,0.77,3.97,1.45,1.41,8.2,8.88,177.7,74.67,0,0.3,45,collision
31,35,0.55,4.82,1.1,0.71,8.56,9.3,274.23,73.92,0,0.3,45,collision
31,36,2.19,4.98,0.59,0.45,8.71,9.52,109.55,73.31,0,0.3,45,collision
31,37,1.43,3.97,1.42,0.59,8.89,9.57,105.12,72.2,0,0.3,45,collision
31,38,0.89,4.91,1.73,0.87,9.23,9.84,171.13,71.5,0,0.3,45,collision
31,39,0.63,4.87,0.51,0.51,9.64,9.91,352.84,70.37,0,0.3,45,collision
31,40,0.38,3.43,0.96,1.59,9.78,10.26,122.3,69.83,0,0.3,45,collision
31,41,0.78,3.94,1.01,0.47,9.83,10.69,170.62,69.15,0,0.3,45,collision
31,42,0.43,4.54,1.17,0.86,9.92,10.79,227.85,68.63,0,0.3,45,collision
31,43,0.82,4.43,0.75,0.34,10.07,11.06,80.94,67.87,0,0.3,45,collision
31,44,0.42,4.25,1.76,0.96,10.3,11.14,211.86,66.7,0,0.3,45,collision
32,0,1.58,4.98,0.82,0.14,0.42,0.09,236.77,98.89,0,0.78,33,success
32,1,0.64,4.51,1.38,1.41,0.49,0.21,115.8,98.08,0,0.78,33,success
32,2,2.03,4.72,1.94,1.47,0.84,0.32,46.35,97.62,0,0.78,33,success
32,3,1.3,4.68,1.97,1.99,0.97,0.57,25.7,97.27,0,0.78,33,success
32,4,0.53,4.99,0.25,0.93,1.31,0.81,275.89,96.85,0,0.78,33,success
32,5,0.64,4.61,1.68,1.32,1.76,1.26,41.4,95.97,0,0.78,33,success
32,6,1.07,4.95,0.68,1.14,2.05,1.68,74.83,95.21,0,0.78,33,success
32,7,1.01,4.65,0.43,1.39,2.17,1.69,355.08,94.58,0,0.78,33,success
32,8,0.52,4.75,1.05,0.26,2.48,1.88,184.61,94.24,0,0.78,33,success
32,9,0.93,4.83,1.88,0.88,2.58,2.08,65.82,93.73,0,0.78,33,success
32,10,1.37,4.66,1.65,0.23,2.9,2.18,136.97,93.04,0,0.78,33,success
32,11,0.5,4.52,0.3,0.32,3.05,2.45,68.97,91.87,0,0.78,33,success
32,12,0.66,4.6,1.37,1.31,3.18,2.68,291.89,91.49,0,0.78,33,success
32,13,2.25,4.57,1.02,0.82,3.6,3.01,132.91,90.58,0,0.78,33,success
32,14,0.85,4.24,1.77,0.43,4.06,3.05,119.49,89.83,0,0.78,33,success
32,15,0.53,4.06,1.93,0.38,4.2,3.33,220.39,89.18,0,0.78,33,success
32,16,0.66,4.06,1.9,0.75,4.41,3.81,287.79,88.0,0,0.78,33,success
32,17,0.34,4.25,1.49,0.36,4.56,4.09,144.31,87.23,0,0.78,33,success
32,18,1.28,3.83,1.46,1.45,4.77,4.42,296.81,86.42,0,0.78,33,success
32,19,0.32,4.94,0.25,0.9,4.83,4.68,66.25,85.84,0,0.78,33,success
32,20,1.97,4.2,0.32,1.83,5.24,5.11,7.28,85.45,0,0.78,33,success
32,21,0.41,4.85,1.5,0.18,5.25,5.41,7.9,84.92,0,0.78,33,success
32,22,0.86,4.59,0.18,0.18,5.39,5.64,249.86,83.77,0,0.78,33,success
32,23,0.84,4.04,0.12,1.63,5.54,5.69,212.38,83.13,0,0.78,33,success
32,24,0.42,4.1,0.89,0.71,6.01,5.87,225.95,82.59,0,0.78,33,success
32,25,0.93,4.18,0.33,1.45,6.04,6.14,41.69,81.74,0,0.78,33,success
32,26,0.35,4.72,1.85,0.14,6.44,6.43,29.17,81.12,0,0.78,33,success
32,27,1.21,4.66,1.44,0.75,6.75,6.44,8.35,80.22,0,0.78,33,success
32,28,1.36,4.88,1.56,0.34,6.84,6.71,233.57,79.43,0,0.78,33,success
32,29,0.79,4.6,1.28,1.25,7.08,6.97,26.08,78.9,0,0.78,33,success
32,30,0.33,4.15,1.76,0.41,7.26,7.08,162.33,78.0,0,0.78,33,success
32,31,1.02,4.68,0.15,1.0,7.71,7.38,353.51,77.41,0,0.78,33,success
32,32,0.35,4.79,1.92,1.38,8.07,7.39,86.73,76.48,0,0.78,33,success
33,0,1.5,4.99,0.8,0.27,0.24,0.19,309.58,98.92,0,0.48,31,timeout
33,1,0.57,4.88,1.19,0.79,0.43,0.63,80.45,98.4,0,0.48,31,timeout
33,2,0.77,4.45,0.5,0.26,0.49,0.7,123.49,97.6,0,0.48,31,timeout
33,3,0.36,4.95,0.95,0.99,0.67,0.87,234.99,96.46,0,0.48,31,timeout
33,4,0.4,4.61,0.12,1.7,0.71,1.33,31.79,96.04,0,0.48,31,timeout
33,5,0.73,4.96,0.75,1.2,0.77,1.83,331.02,95.06,0,0.48,31,timeout
33,6,1.07,4.65,1.96,0.43,1.25,1.95,32.02,94.69,0,0.48,31,timeout
33,7,1.59,4.95,1.63,1.77,1.65,2.09,151.16,94.33,0,0.48,31,timeout
33,8,1.16,4.9,1.28,0.18,2.08,2.28,299.54,93.17,0,0.48,31,timeout
33,9,1.43,4.72,0.73,1.06,2.56,2.68,139.59,92.61,0,0.48,31,timeout
33,10,1.27,4.72,1.62,0.82,2.65,2.83,44.07,92.2,1,0.48,31,timeout
33,11,0.92,4.8,1.94,0.94,2.85,3.27,69.05,91.08,0,0.48,31,timeout
33,12,0.98,4.46,0.39,0.72,3.07,3.55,19.0,90.72,0,0.48,31,timeout
33,13,0.75,3.82,0.32,1.43,3.31,3.73,43.15,89.72,0,0.48,31,timeout
33,14,1.21,4.86,0.33,0.16,3.77,4.07,8.77,88.98,0,0.48,31,timeout
33,15,1.3,4.02,1.92,0.9,4.23,4.5,48.08,88.17,0,0.48,31,timeout
33,16,0.8,4.82,1.2,0.9,4.54,4.79,354.47,87.08,1,0.48,31,timeout
33,17,0.69,4.88,0.6,0.72,4.82,4.93,303.28,86.15,0,0.48,31,timeout
33,18,0.51,4.71,1.37,1.46,5.31,5.2,22.51,85.66,0,0.48,31,timeout
33,19,1.2,4.53,0.45,1.3,5.58,5.65,10.72,84.58,0,0.48,31,timeout
33,20,0.73,4.87,0.57,0.33,5.78,6.12,156.03,83.74,0,0.48,31,timeout
33,21,0.46,4.31,1.9,1.52,6.21,6.19,195.55,83.22,0,0.48,31,timeout
33,22,2.04,4.79,1.66,0.88,6.43,6.3,22.85,82.39,0,0.48,31,timeout
33,23,0.84,4.98,1.03,0.62,6.87,6.6,356.78,81.53,0,0.48,31,timeout
33,24,1.14,4.39,0.98,1.22,7.3,7.06,233.83,80.6,1,0.48,31,timeout
33,25,1.56,4.67,1.12,1.28,7.79,7.37,177.23,79.61,0,0.48,31,timeout
33,26,0.8,4.48,1.9,0.5,7.8,7.83,242.16,79.3,0,0.48,31,timeout
33,27,0.44,4.87,0.68,0.56,8.21,8.17,107.93,78.74,0,0.48,31,timeout
33,28,0.32,4.96,0.65,0.26,8.26,8.55,345.55,78.25,1,0.48,31,timeout
33,29,0.32,4.71,0.81,1.16,8.69,8.8,207.65,77.64,0,0.48,31,timeout
33,30,0.61,4.37,1.91,1.84,9.12,8.94,91.9,76.71,0,0.48,31,timeout
34,0,1.66,4.98,1.53,1.8,0.26,0.19,108.7,99.43,0,0.52,39,success
34,1,0.97,4.0,1.77,1.76,0.69,0.45,23.31,98.78,0,0.52,39,success
34,2,0.78,4.8,0.89,0.19,0.99,0.61,317.15,97.95,0,0.52,39,success
34,3,1.0,4.52,0.33,0.85,1.2,0.99,102.19,96.98,0,0.52,39,success
34,4,1.55,4.89,0.38,1.57,1.65,1.1,131.08,96.55,0,0.52,39,success
34,5,0.7,4.79,0.11,0.62,1.74,1.39,105.69,95.64,0,0.52,39,success
34,6,0.35,3.66,0.17,1.9,2.1,1.62,102.99,95.07,0,0.52,39,success
34,7,1.18,4.53,1.42,0.34,2.29,1.85,155.88,94.13,0,0.52,39,success
34,8,0.3,3.01,0.54,1.05,2.37,2.22,319.53,93.52,0,0.52,39,success
34,9,0.76,4.51,0.92,0.18,2.67,2.23,356.66,92.57,0,0.52,39,success
34,10,0.45,3.22,0.44,0.23,3.14,2.68,7.9,92.23,0,0.52,39,success
34,11,0.73,4.96,1.89,0.29,3.56,2.85,275.14,91.74,0,0.52,39,success
34,12,0.58,4.03,1.25,1.15,3.76,3.22,348.58,90.86,0,0.52,39,success
34,13,0.34,4.6,1.36,1.15,3.9,3.31,177.43,89.77,0,0.52,39,success
34,14,1.07,4.6,0.78,1.32,4.04,3.46,96.39,88.68,0,0.52,39,success
34,15,2.21,4.99,1.08,1.32,4.33,3.91,53.35,88.29,0,0.52,39,success
34,16,1.28,4.88,1.46,1.43,4.33,4.37,41.61,87.65,0,0.52,39,success
34,17,0.47,4.41,0.35,1.21,4.81,4.86,356.22,86.8,0,0.52,39,success
34,18,1.2,4.9,1.97,1.17,4.98,5.13,192.99,85.74,0,0.52,39,success
34,19,2.27,4.79,0.62,1.8,5.33,5.57,336.51,85.08,0,0.52,39,success
34,20,1.67,4.83,1.59,0.58,5.72,5.88,240.66,84.34,0,0.52,39,success
34,21,0.43,4.84,1.86,0.67,6.08,6.35,301.63,83.54,0,0.52,39,success
34,22,0.46,4.05,1.17,1.72,6.32,6.63,69.94,83.01,0,0.52,39,success
34,23,1.29,4.48,0.95,1.56,6.75,6.98,22.78,81.82,0,0.52,39,success
34,24,1.53,4.77,1.3,1.83,7.19,7.38,215.6,81.47,0,0.52,39,success
34,25,0.59,4.42,0.91,0.6,7.36,7.51,155.23,81.16,0,0.52,39,success
34,26,1.16,4.1,0.26,0.9,7.76,7.59,272.84,80.17,0,0.52,39,success
34,27,1.06,4.13,1.32,1.09,8.05,8.08,342.58,79.7,0,0.52,39,success
34,28,1.51,4.35,0.36,1.69,8.38,8.45,48.69,79.3,0,0.52,39,success
34,29,0.78,4.9,1.86,0.54,8.51,8.71,86.67,78.15,0,0.52,39,success
34,30,0.48,4.95,1.26,0.69,9.0,9.14,247.13,77.08,0,0.52,39,success
34,31,0.77,4.76,1.3,0.86,9.06,9.33,304.35,76.39,0,0.52,39,success
34,32,1.96,4.84,0.72,0.18,9.33,9.43,157.12,75.3,0,0.52,39,success
34,33,1.34,4.09,0.26,0.53,9.36,9.64,298.46,74.13,0,0.52,39,success
34,34,0.65,4.42,0.34,1.72,9.77,9.77,267.9,73.83,0,0.52,39,success
34,35,0.32,4.96,0.48,1.96,10.16,10.13,198.13,73.43,0,0.52,39,success
34,36,0.78,3.28,1.25,0.97,10.57,10.5,294.1,72.56,0,0.52,39,success
34,37,1.69,4.29,1.25,0.17,11.05,10.66,13.66,71.87,0,0.52,39,success
34,38,0.49,3.21,0.97,0.52,11.49,10.68,156.57,71.26,0,0.52,39,success
35,0,0.35,4.95,0.18,0.17,0.31,0.19,275.6,99.14,0,0.87,40,partial
35,1,1.6,4.24,1.19,1.57,0.59,0.4,36.03,97.98,0,0.87,40,partial
35,2,1.22,4.58,0.93,1.87,0.66,0.49,190.67,97.46,0,0.87,40,partial
35,3,0.44,4.99,1.21,0.47,0.97,0.81,100.68,97.14,0,0.87,40,partial
35,4,0.72,4.01,1.67,1.1,1.47,0.9,209.26,96.12,0,0.87,40,partial
35,5,0.94,4.39,1.02,0.54,1.55,0.98,236.83,95.44,0,0.87,40,partial
35,6,0.43,4.48,0.2,1.38,1.77,1.43,137.49,94.81,0,0.87,40,partial
35,7,0.59,4.52,0.62,1.33,2.14,1.89,305.45,94.32,0,0.87,40,partial
35,8,1.33,4.96,0.8,0.36,2.48,2.1,109.16,93.59,0,0.87,40,partial
35,9,0.31,3.63,1.71,1.22,2.79,2.35,284.95,92.97,0,0.87,40,partial
35,10,0.87,4.36,0.57,1.87,3.23,2.54,69.75,92.28,0,0.87,40,partial
35,11,0.61,4.35,0.59,0.92,3.47,2.58,334.97,91.77,0,0.87,40,partial
35,12,1.12,4.73,1.57,1.5,3.59,2.58,323.81,91.45,0,0.87,40,partial
35,13,0.32,4.67,0.72,0.15,3.9,2.66,81.01,90.72,0,0.87,40,partial
35,14,0.6,4.8,1.07,0.6,4.38,2.78,243.13,89.6,0,0.87,40,partial
35,15,2.16,4.76,0.66,1.52,4.44,2.99,266.28,88.41,0,0.87,40,partial
35,16,0.97,4.94,1.0,0.83,4.62,3.34,80.1,87.74,0,0.87,40,partial
35,17,0.31,3.79,0.71,0.29,4.81,3.8,179.11,87.17,0,0.87,40,partial
35,18,0.65,4.47,1.45,1.17,5.11,4.09,219.56,86.15,0,0.87,40,partial
35,19,0.84,4.21,0.14,0.62,5.21,4.18,35.15,85.64,0,0.87,40,partial
35,20,0.44,4.17,0.5,1.33,5.62,4.23,230.47,85.2,0,0.87,40,partial
35,21,1.58,4.88,1.09,0.92,5.79,4.63,102.13,84.35,0,0.87,40,partial
35,22,0.92,4.76,1.97,1.1,5.92,4.8,12.13,83.89,0,0.87,40,partial
35,23,0.79,4.81,1.05,0.32,6.03,5.29,130.06,83.15,0,0.87,40,partial
35,24,0.42,4.56,1.73,0.12,6.31,5.5,306.88,82.27,0,0.87,40,partial
35,25,0.32,4.85,0.28,0.75,6.51,5.92,61.32,81.24,0,0.87,40,partial
35,26,2.08,4.94,0.79,0.43,6.86,6.02,109.89,80.9,0,0.87,40,partial
35,27,0.53,4.74,1.16,0.72,7.3,6.22,74.73,80.08,0,0.87,40,partial
35,28,0.52,4.25,1.36,0.93,7.48,6.37,26.71,79.73,0,0.87,40,partial
35,29,1.71,4.59,0.18,0.85,7.62,6.61,296.85,78.65,0,0.87,40,partial
35,30,1.26,4.02,1.66,1.7,7.96,7.03,332.45,77.8,0,0.87,40,partial
35,31,0.95,4.75,0.84,1.38,8.08,7.08,250.07,77.09,0,0.87,40,partial
35,32,0.81,4.91,1.55,0.81,8.46,7.19,77.41,76.14,0,0.87,40,partial
35,33,0.49,4.84,1.66,0.79,8.9,7.52,97.27,75.54,0,0.87,40,partial
35,34,0.82,4.48,0.84,1.36,9.4,7.99,235.15,75.2,0,0.87,40,partial
35,35,0.88,4.22,1.22,0.57,9.84,8.42,340.01,74.9,0,0.87,40,partial
35,36,0.45,4.46,0.6,1.33,9.93,8.89,3.72,74.59,0,0.87,40,partial
35,37,0.97,4.77,0.46,1.86,10.24,8.9,344.86,73.67,0,0.87,40,partial
35,38,0.77,4.01,0.26,0.34,10.41,8.94,35.85,72.49,0,0.87,40,partial
35,39,0.36,3.01,0.13,1.94,10.79,9.02,76.44,71.49,0,0.87,40,partial
36,0,1.28,4.44,1.02,1.33,0.38,0.41,140.67,99.2,0,0.41,16,success
36,1,1.23,4.22,0.84,0.72,0.63,0.56,247.35,98.14,0,0.41,16,success
36,2,0.56,4.57,0.79,0.28,0.92,0.81,301.95,96.97,0,0.41,16,success
36,3,0.42,4.61,1.54,1.63,1.28,1.12,113.23,96.05,0,0.41,16,success
36,4,0.52,4.87,0.38,0.33,1.63,1.38,156.61,94.89,0,0.41,16,success
36,5,0.32,4.77,0.12,0.16,1.67,1.62,108.64,94.52,0,0.41,16,success
36,6,0.82,4.68,1.21,1.61,2.07,1.66,309.58,93.58,0,0.41,16,success
36,7,1.47,4.5,0.29,0.76,2.27,1.99,184.65,92.69,0,0.41,16,success
36,8,0.58,4.84,0.23,0.81,2.54,2.37,145.29,92.24,0,0.41,16,success
36,9,0.3,3.99,1.54,0.38,2.66,2.67,232.48,91.31,0,0.41,16,success
36,10,0.88,4.35,1.61,1.97,3.02,2.79,349.67,90.36,0,0.41,16,success
36,11,0.75,4.44,0.57,1.07,3.3,3.0,179.4,89.32,0,0.41,16,success
36,12,0.44,4.85,0.63,0.69,3.78,3.07,142.25,88.38,0,0.41,16,success
36,13,0.49,4.98,0.16,0.79,3.8,3.17,144.7,87.65,0,0.41,16,success
36,14,0.4,4.26,0.54,0.85,4.25,3.22,180.57,87.12,0,0.41,16,success
36,15,0.57,3.42,0.39,0.61,4.66,3.55,290.64,86.46,0,0.41,16,success
37,0,1.1,4.92,1.29,1.73,0.05,0.18,152.25,99.02,0,0.29,11,success
37,1,0.81,4.79,1.03,1.6,0.24,0.24,309.93,98.2,0,0.29,11,success
37,2,0.57,4.72,1.11,0.88,0.39,0.24,130.69,97.02,0,0.29,11,success
37,3,1.22,4.81,1.89,0.39,0.69,0.62,116.74,96.12,0,0.29,11,success
37,4,0.36,3.49,0.31,1.79,0.77,0.72,231.82,95.8,0,0.29,11,success
37,5,0.75,3.03,1.79,1.96,1.13,0.91,55.5,95.31,0,0.29,11,success
37,6,0.58,4.26,1.94,0.29,1.39,1.04,227.91,94.96,0,0.29,11,success
37,7,1.22,4.96,0.73,0.4,1.41,1.35,153.89,93.91,0,0.29,11,success
37,8,0.82,4.87,1.46,0.41,1.64,1.68,313.16,93.35,0,0.29,11,success
37,9,0.57,4.82,1.99,1.61,1.66,1.91,199.27,92.51,0,0.29,11,success
37,10,1.15,4.49,1.6,0.27,1.67,2.04,190.29,91.34,0,0.29,11,success
38,0,0.71,4.34,0.85,1.45,0.22,0.36,147.39,98.83,0,0.46,41,success
38,1,0.54,4.82,1.24,0.54,0.47,0.39,114.44,98.2,0,0.46,41,success
38,2,0.31,4.83,1.38,1.88,0.88,0.57,350.35,97.83,0,0.46,41,success
38,3,0.99,4.74,1.7,0.99,1.08,0.62,126.03,97.18,0,0.46,41,success
38,4,1.32,4.97,1.9,1.8,1.22,0.88,63.48,96.79,0,0.46,41,success
38,5,0.34,3.95,1.74,0.75,1.5,1.28,207.09,96.27,0,0.46,41,success
38,6,1.43,4.92,1.76,0.53,1.88,1.55,356.87,95.84,0,0.46,41,success
38,7,0.41,4.52,0.56,1.04,2.25,1.92,80.45,94.81,0,0.46,41,success
38,8,0.37,4.51,1.64,0.39,2.31,2.22,158.42,94.47,0,0.46,41,success
38,9,1.01,4.53,0.29,1.24,2.39,2.7,271.48,93.59,0,0.46,41,success
38,10,0.36,3.57,1.78,1.85,2.57,2.82,256.3,93.2,0,0.46,41,success
38,11,1.25,4.29,0.22,1.02,2.93,3.22,345.2,92.23,0,0.46,41,success
38,12,0.55,4.82,0.26,1.62,3.02,3.45,349.12,91.61,0,0.46,41,success
38,13,0.52,4.24,0.62,0.19,3.39,3.5,1.55,90.97,0,0.46,41,success
38,14,0.56,4.35,1.67,1.14,3.82,3.6,310.65,90.18,0,0.46,41,success
38,15,0.44,3.5,1.79,0.46,4.31,3.82,23.51,89.42,0,0.46,41,success
38,16,0.43,3.98,1.3,0.11,4.32,4.17,81.11,88.87,0,0.46,41,success
38,17,0.56,4.31,0.74,1.21,4.4,4.33,315.89,87.89,0,0.46,41,success
38,18,0.72,4.39,0.5,0.75,4.75,4.6,283.82,87.02,0,0.46,41,success
38,19,1.02,4.91,1.32,1.21,4.93,4.7,286.74,86.21,0,0.46,41,success
38,20,0.79,4.83,0.34,0.11,4.95,5.2,192.74,85.87,0,0.46,41,success
38,21,0.33,3.38,0.43,1.4,5.02,5.36,63.87,85.06,0,0.46,41,success
38,22,0.43,4.5,1.27,0.23,5.05,5.39,62.24,84.55,0,0.46,41,success
38,23,0.33,4.61,1.77,1.31,5.36,5.8,99.02,83.96,0,0.46,41,success
38,24,1.25,4.76,1.12,1.49,5.82,6.12,310.71,82.99,0,0.46,41,success
38,25,0.42,4.6,1.82,0.11,5.89,6.42,98.0,81.85,0,0.46,41,success
38,26,1.1,4.27,1.9,1.86,6.37,6.63,244.91,81.55,0,0.46,41,success
38,27,0.62,4.97,0.7,0.49,6.59,7.04,50.99,81.12,0,0.46,41,success
38,28,0.73,4.61,1.59,1.64,6.68,7.17,296.32,80.78,0,0.46,41,success
38,29,1.15,4.64,1.91,0.65,6.7,7.63,0.4,80.08,0,0.46,41,success
38,30,0.6,4.92,0.58,1.82,6.88,8.0,145.31,79.28,0,0.46,41,success
38,31,0.32,4.64,0.8,0.83,7.34,8.1,307.62,78.36,0,0.46,41,success
38,32,0.48,4.64,0.82,1.03,7.84,8.43,359.63,77.43,0,0.46,41,success
38,33,1.34,4.98,1.73,0.78,8.02,8.47,279.34,76.76,0,0.46,41,success
38,34,1.35,4.86,1.37,1.77,8.24,8.9,312.83,76.28,0,0.46,41,success
38,35,0.38,4.67,0.2,0.82,8.72,9.28,220.0,75.84,0,0.46,41,success
38,36,1.24,4.6,1.38,0.64,8.73,9.45,174.19,74.86,0,0.46,41,success
38,37,0.56,4.13,1.48,0.24,8.81,9.83,226.0,74.08,0,0.46,41,success
38,38,2.51,4.87,0.85,1.08,9.27,9.97,73.07,73.33,0,0.46,41,success
38,39,0.64,4.76,1.01,0.37,9.3,10.22,133.68,72.99,0,0.46,41,success
38,40,1.3,4.65,0.8,0.88,9.53,10.42,271.59,72.17,0,0.46,41,success
39,0,0.56,3.76,1.37,0.77,0.08,0.31,77.94,99.16,0,0.44,42,success
39,1,0.54,4.87,1.85,1.32,0.31,0.7,181.64,98.13,0,0.44,42,success
39,2,0.5,4.57,0.16,1.66,0.39,1.07,244.09,97.8,0,0.44,42,success
39,3,1.27,4.9,1.64,0.18,0.82,1.51,89.28,96.68,0,0.44,42,success
39,4,0.91,3.63,1.8,1.24,1.25,1.57,47.86,96.23,0,0.44,42,success
39,5,0.42,4.75,0.38,1.49,1.37,1.76,358.47,95.6,0,0.44,42,success
39,6,1.03,4.86,1.78,1.45,1.56,2.25,75.39,94.4,0,0.44,42,success
39,7,0.39,4.7,1.43,0.71,2.03,2.53,4.2,94.04,0,0.44,42,success
39,8,0.8,3.42,0.73,0.63,2.34,2.86,187.35,93.66,0,0.44,42,success
39,9,1.58,4.99,1.04,0.59,2.71,3.13,99.78,92.56,0,0.44,42,success
39,10,0.89,4.55,1.14,0.82,2.81,3.23,261.21,91.63,0,0.44,42,success
39,11,0.77,4.97,0.74,0.56,2.85,3.36,137.86,90.62,0,0.44,42,success
39,12,0.44,4.66,0.81,0.74,2.89,3.85,94.18,89.86,0,0.44,42,success
39,13,1.14,4.86,0.85,1.37,3.09,4.08,130.99,88.89,0,0.44,42,success
39,14,1.0,4.85,0.97,1.04,3.41,4.22,45.37,88.14,0,0.44,42,success
39,15,1.38,4.8,1.34,1.82,3.8,4.42,229.7,87.83,0,0.44,42,success
39,16,0.36,4.37,0.76,0.82,4.12,4.71,163.28,87.25,0,0.44,42,success
39,17,0.62,4.94,1.77,1.09,4.57,4.84,274.66,86.28,0,0.44,42,success
39,18,1.89,4.31,1.66,0.11,5.03,5.02,230.55,85.75,0,0.44,42,success
39,19,0.4,4.95,1.46,0.53,5.13,5.28,331.24,84.94,0,0.44,42,success
39,20,2.11,3.94,1.06,0.51,5.21,5.49,54.56,84.05,0,0.44,42,success
39,21,1.72,4.19,1.33,0.74,5.7,5.53,351.66,83.24,0,0.44,42,success
39,22,0.84,4.61,1.37,1.24,5.9,5.93,122.21,82.21,0,0.44,42,success
39,23,1.39,4.98,0.28,0.28,6.39,6.19,211.04,81.38,0,0.44,42,success
39,24,0.31,3.83,1.81,1.27,6.87,6.47,75.9,80.39,0,0.44,42,success
39,25,0.89,4.63,0.14,0.75,7.12,6.95,30.26,80.07,0,0.44,42,success
39,26,0.75,4.41,0.71,0.57,7.44,7.0,160.26,79.16,0,0.44,42,success
39,27,0.84,4.89,0.37,0.45,7.52,7.09,137.45,78.36,0,0.44,42,success
39,28,0.49,4.74,1.91,1.49,7.68,7.42,304.89,77.48,0,0.44,42,success
39,29,0.35,4.66,0.68,1.93,8.15,7.83,22.72,76.72,0,0.44,42,success
39,30,1.0,4.63,1.74,1.19,8.42,8.3,67.2,75.56,0,0.44,42,success
39,31,1.21,4.28,0.91,0.15,8.79,8.46,350.74,74.69,0,0.44,42,success
39,32,1.37,4.94,0.19,1.37,9.18,8.8,96.42,73.61,0,0.44,42,success
39,33,0.99,4.88,1.46,1.01,9.54,9.03,285.13,72.48,0,0.44,42,success
39,34,1.62,4.57,1.01,0.14,9.74,9.33,32.51,71.74,0,0.44,42,success
39,35,0.44,4.33,1.26,1.14,10.15,9.67,233.33,71.04,0,0.44,42,success
39,36,0.33,4.95,0.4,0.75,10.35,9.88,44.59,70.23,0,0.44,42,success
39,37,0.52,4.5,0.52,0.69,10.56,10.33,81.86,69.26,0,0.44,42,success
39,38,0.52,3.62,0.8,1.7,10.83,10.76,72.5,68.23,0,0.44,42,success
39,39,0.51,4.9,1.03,0.86,11.14,10.84,58.28,67.69,0,0.44,42,success
39,40,0.65,4.09,0.13,1.46,11.57,11.24,94.47,67.02,0,0.44,42,success
39,41,1.5,4.98,1.06,0.61,12.03,11.65,224.19,66.66,0,0.44,42,success
40,0,0.6,4.79,0.24,0.58,0.4,0.38,21.93,99.17,0,0.46,23,timeout
40,1,0.42,4.96,0.69,0.9,0.49,0.56,266.92,98.64,0,0.46,23,timeout
40,2,0.36,4.36,0.39,1.39,0.51,0.89,165.67,98.08,0,0.46,23,timeout
40,3,0.86,4.74,1.25,0.45,0.97,1.05,140.5,97.73,0,0.46,23,timeout
40,4,0.88,4.85,1.83,1.95,1.04,1.26,234.21,97.2,0,0.46,23,timeout
40,5,1.19,4.26,1.17,0.95,1.27,1.68,293.44,96.46,0,0.46,23,timeout
40,6,0.71,4.97,0.28,1.92,1.35,1.8,52.07,95.86,0,0.46,23,timeout
40,7,1.0,4.93,1.05,1.29,1.42,1.87,247.37,94.85,0,0.46,23,timeout
40,8,0.58,4.18,0.46,0.9,1.84,2.21,347.83,93.88,0,0.46,23,timeout
40,9,0.53,4.52,1.71,1.53,2.08,2.26,226.77,93.1,0,0.46,23,timeout
40,10,0.42,4.83,1.36,1.0,2.26,2.42,153.11,91.98,0,0.46,23,timeout
40,11,0.39,4.22,1.0,1.66,2.33,2.8,252.11,91.62,0,0.46,23,timeout
40,12,0.32,4.7,1.64,1.08,2.48,3.25,144.54,90.7,0,0.46,23,timeout
40,13,0.31,3.99,0.77,0.95,2.83,3.68,301.49,90.2,0,0.46,23,timeout
40,14,0.93,4.63,1.6,0.2,2.86,4.12,330.41,89.84,0,0.46,23,timeout
40,15,0.98,4.82,0.73,1.9,2.95,4.29,228.49,88.94,0,0.46,23,timeout
40,16,0.55,3.79,1.97,0.53,3.27,4.41,194.0,88.38,0,0.46,23,timeout
40,17,2.07,4.9,1.59,1.81,3.64,4.66,183.58,87.75,0,0.46,23,timeout
40,18,0.38,3.15,0.6,1.6,4.02,4.68,155.96,86.82,0,0.46,23,timeout
40,19,0.37,4.54,0.76,1.08,4.39,4.69,179.51,86.27,0,0.46,23,timeout
40,20,0.49,4.27,1.63,0.98,4.62,5.15,264.05,85.54,0,0.46,23,timeout
40,21,1.05,4.05,0.94,1.96,4.72,5.41,165.98,84.89,0,0.46,23,timeout
40,22,0.97,4.66,1.82,1.6,4.79,5.54,89.77,84.22,0,0.46,23,timeout
41,0,0.91,4.63,1.64,0.11,0.03,0.43,200.87,99.24,0,0.38,31,timeout
41,1,1.04,4.88,1.75,1.59,0.34,0.52,115.73,98.13,0,0.38,31,timeout
41,2,0.56,4.76,0.15,0.12,0.66,0.98,279.44,97.82,0,0.38,31,timeout
41,3,0.87,4.42,0.2,0.76,0.99,1.07,4.0,96.78,0,0.38,31,timeout
41,4,0.49,4.84,0.21,0.28,1.46,1.09,216.97,96.26,0,0.38,31,timeout
41,5,1.45,4.7,1.69,1.08,1.83,1.52,75.34,95.64,0,0.38,31,timeout
41,6,1.11,4.71,1.57,1.81,1.99,1.92,316.57,94.8,0,0.38,31,timeout
41,7,0.49,4.75,0.33,1.91,2.33,2.1,257.81,94.07,0,0.38,31,timeout
41,8,0.31,4.81,1.15,0.46,2.55,2.3,254.11,93.52,0,0.38,31,timeout
41,9,0.92,4.63,0.35,0.32,2.88,2.78,264.09,92.46,0,0.38,31,timeout
41,10,0.88,4.18,0.34,1.46,3.22,2.81,0.76,92.02,0,0.38,31,timeout
41,11,0.47,4.67,0.9,1.23,3.58,3.04,101.64,91.62,0,0.38,31,timeout
41,12,1.13,4.86,0.7,1.99,3.84,3.5,154.96,90.53,0,0.38,31,timeout
41,13,1.09,3.8,1.45,0.82,4.32,3.87,46.12,89.86,0,0.38,31,timeout
41,14,0.32,4.69,0.88,2.0,4.77,4.06,197.45,88.89,0,0.38,31,timeout
41,15,0.51,4.98,1.58,0.82,5.27,4.1,149.33,87.9,0,0.38,31,timeout
41,16,0.38,4.86,0.39,1.38,5.53,4.16,98.09,87.23,0,0.38,31,timeout
41,17,0.45,3.91,1.57,1.3,6.0,4.41,246.81,86.39,0,0.38,31,timeout
41,18,1.12,4.82,1.71,0.42,6.41,4.43,287.16,85.2,0,0.38,31,timeout
41,19,0.79,4.78,1.01,0.17,6.67,4.73,55.07,84.26,0,0.38,31,timeout
41,20,0.96,4.96,0.35,1.62,7.02,4.79,254.33,83.76,0,0.38,31,timeout
41,21,0.35,4.8,0.78,1.66,7.14,4.97,87.62,82.65,0,0.38,31,timeout
41,22,1.4,4.62,1.21,1.75,7.61,5.31,356.01,81.75,0,0.38,31,timeout
41,23,0.62,4.54,0.63,1.7,7.84,5.66,333.09,80.84,0,0.38,31,timeout
41,24,2.2,4.79,1.06,0.98,8.23,5.85,84.03,79.93,0,0.38,31,timeout
41,25,0.38,4.7,0.82,1.75,8.6,6.21,260.7,79.0,0,0.38,31,timeout
41,26,0.41,4.98,1.46,0.96,8.97,6.3,146.6,78.57,0,0.38,31,timeout
41,27,1.32,4.69,0.74,1.27,9.31,6.42,165.7,78.0,0,0.38,31,timeout
41,28,1.03,4.88,1.72,1.26,9.55,6.63,222.88,76.86,0,0.38,31,timeout
41,29,0.61,4.49,1.54,1.34,9.59,6.7,278.56,76.5,0,0.38,31,timeout
41,30,0.5,3.04,0.15,0.22,9.71,6.79,146.83,76.13,0,0.38,31,timeout
42,0,0.7,4.47,1.04,0.26,0.42,0.36,252.51,99.24,0,0.23,18,success
42,1,0.75,4.86,1.9,0.84,0.92,0.58,285.08,98.71,0,0.23,18,success
42,2,0.32,4.73,1.84,0.39,0.93,0.85,90.81,98.06,0,0.23,18,success
42,3,0.43,4.9,0.61,1.86,1.29,1.26,175.41,97.06,0,0.23,18,success
42,4,0.89,4.83,0.9,1.87,1.67,1.45,54.96,96.38,0,0.23,18,success
42,5,1.75,4.91,1.21,1.81,2.0,1.9,187.13,95.94,0,0.23,18,success
42,6,1.36,4.59,1.44,0.83,2.44,1.98,17.39,95.36,0,0.23,18,success
42,7,0.81,4.01,0.61,1.57,2.63,2.35,16.03,94.68,0,0.23,18,success
42,8,0.9,4.33,1.08,0.47,2.76,2.38,39.6,93.76,0,0.23,18,success
42,9,0.78,4.51,1.16,0.2,3.2,2.6,240.24,93.31,0,0.23,18,success
42,10,0.58,4.66,0.16,0.59,3.47,2.82,238.12,92.9,0,0.23,18,success
42,11,0.68,4.59,0.51,1.22,3.8,3.05,281.88,91.74,0,0.23,18,success
42,12,0.81,4.75,1.9,1.86,3.97,3.42,55.15,91.26,0,0.23,18,success
42,13,1.65,3.82,0.98,1.93,4.02,3.58,31.56,90.44,0,0.23,18,success
42,14,0.4,4.95,0.34,0.73,4.45,3.84,134.29,89.91,0,0.23,18,success
42,15,0.64,4.98,1.23,1.72,4.68,4.03,45.93,89.13,0,0.23,18,success
42,16,0.8,4.29,0.57,0.74,4.84,4.32,4.43,88.11,0,0.23,18,success
42,17,1.51,4.66,1.43,0.51,5.04,4.54,263.73,87.46,0,0.23,18,success
43,0,0.54,4.79,0.78,1.95,0.13,0.24,25.95,98.8,0,0.63,36,success
43,1,0.48,4.19,0.73,1.65,0.4,0.59,324.98,98.34,0,0.63,36,success
43,2,0.98,4.85,0.36,0.72,0.77,0.62,255.08,97.73,0,0.63,36,success
43,3,0.73,4.88,0.35,0.54,0.86,0.69,315.2,96.78,0,0.63,36,success
43,4,0.4,4.87,1.14,1.8,0.96,0.73,236.58,95.9,0,0.63,36,success
43,5,1.31,4.96,0.36,1.52,1.37,0.74,333.68,95.55,0,0.63,36,success
43,6,0.49,3.86,0.62,1.54,1.86,1.21,105.93,94.81,0,0.63,36,success
43,7,1.0,4.02,1.5,1.02,1.98,1.37,184.65,94.28,0,0.63,36,success
43,8,0.33,4.2,1.37,1.23,2.13,1.73,6.05,93.3,0,0.63,36,success
43,9,0.37,4.6,1.24,0.12,2.24,1.98,90.34,92.15,0,0.63,36,success
43,10,0.62,4.44,1.37,1.69,2.39,2.35,127.07,91.64,0,0.63,36,success
43,11,0.49,4.73,0.27,1.83,2.81,2.66,94.85,91.29,0,0.63,36,success
43,12,0.68,4.16,0.91,1.54,3.04,2.86,304.33,90.33,0,0.63,36,success
43,13,1.63,3.87,1.85,0.11,3.27,2.97,145.29,89.54,0,0.63,36,success
43,14,0.47,4.35,1.42,1.82,3.38,2.97,234.87,89.09,0,0.63,36,success
43,15,0.38,4.55,0.49,0.74,3.85,3.17,305.94,88.22,0,0.63,36,success
43,16,0.43,4.63,1.66,1.59,4.3,3.44,102.07,87.47,0,0.63,36,success
43,17,0.42,5.0,1.92,1.59,4.66,3.82,17.41,86.57,0,0.63,36,success
43,18,1.07,3.8,1.6,1.5,4.87,4.09,100.28,86.1,0,0.63,36,success
43,19,0.63,4.88,1.63,1.48,4.89,4.32,287.02,85.74,0,0.63,36,success
43,20,0.53,4.49,0.84,1.41,5.32,4.72,280.55,85.38,0,0.63,36,success
43,21,0.42,4.82,0.94,1.96,5.79,4.98,203.29,84.43,0,0.63,36,success
43,22,0.32,4.89,1.82,1.41,6.12,4.99,184.62,84.04,0,0.63,36,success
43,23,0.68,4.02,0.63,0.98,6.47,5.01,152.04,83.53,0,0.63,36,success
43,24,1.51,4.86,1.77,2.0,6.48,5.44,325.11,83.02,0,0.63,36,success
43,25,1.74,4.76,1.56,0.87,6.96,5.68,332.32,82.52,0,0.63,36,success
43,26,0.98,4.37,1.06,1.95,7.43,6.16,173.85,81.4,0,0.63,36,success
43,27,0.74,4.98,1.45,0.25,7.52,6.3,197.04,80.84,0,0.63,36,success
43,28,0.43,3.91,0.25,1.23,7.57,6.53,23.71,80.16,0,0.63,36,success
43,29,0.76,3.76,1.46,0.49,7.84,6.56,353.08,79.15,0,0.63,36,success
43,30,1.04,4.95,0.64,0.67,8.26,7.05,245.87,78.59,0,0.63,36,success
43,31,0.76,4.78,0.78,1.34,8.72,7.14,345.96,77.71,0,0.63,36,success
43,32,0.32,4.78,1.45,1.2,8.9,7.2,208.77,77.27,0,0.63,36,success
43,33,1.45,4.71,1.86,1.02,9.0,7.31,181.22,76.32,0,0.63,36,success
43,34,0.5,4.24,1.61,0.53,9.24,7.66,223.94,75.13,0,0.63,36,success
43,35,1.35,4.35,1.43,1.54,9.5,8.16,111.91,74.3,0,0.63,36,success
44,0,0.36,3.86,1.7,0.47,0.44,0.15,180.93,99.26,0,0.25,32,success
44,1,1.47,3.94,1.77,0.92,0.89,0.31,96.04,98.31,0,0.25,32,success
44,2,2.11,4.96,0.73,0.67,1.34,0.58,146.96,97.7,0,0.25,32,success
44,3,0.39,4.32,0.39,0.78,1.84,1.04,137.97,96.59,0,0.25,32,success
44,4,0.5,4.82,1.3,1.37,2.28,1.35,345.57,96.1,0,0.25,32,success
44,5,1.38,4.46,0.21,0.71,2.44,1.48,313.6,95.05,0,0.25,32,success
44,6,0.82,4.37,1.56,0.86,2.67,1.68,37.15,94.06,0,0.25,32,success
44,7,0.69,4.99,1.51,0.32,2.9,1.76,286.67,93.05,0,0.25,32,success
44,8,0.36,4.89,0.67,0.39,3.02,2.13,212.51,92.64,0,0.25,32,success
44,9,0.95,4.27,1.38,0.37,3.29,2.59,209.58,91.56,0,0.25,32,success
44,10,0.45,3.62,1.06,0.13,3.34,2.94,2.22,91.1,0,0.25,32,success
44,11,0.46,4.77,1.44,1.8,3.41,3.01,36.69,90.36,0,0.25,32,success
44,12,0.31,4.89,0.71,0.9,3.91,3.47,160.24,89.78,0,0.25,32,success
44,13,0.53,4.45,1.62,1.99,4.09,3.62,240.06,89.29,0,0.25,32,success
44,14,1.09,4.36,1.84,0.98,4.43,3.75,118.04,88.24,0,0.25,32,success
44,15,0.5,4.35,0.56,0.99,4.45,3.87,40.04,87.14,0,0.25,32,success
44,16,0.32,4.62,0.78,1.79,4.92,4.0,291.28,86.15,0,0.25,32,success
44,17,0.43,3.92,0.22,0.2,5.39,4.21,274.58,85.68,0,0.25,32,success
44,18,0.65,4.97,0.75,1.34,5.6,4.52,49.62,85.05,0,0.25,32,success
44,19,0.89,3.63,2.0,0.63,6.05,4.59,262.87,84.49,0,0.25,32,success
44,20,0.72,4.3,0.61,1.14,6.12,5.0,163.65,83.99,0,0.25,32,success
44,21,0.96,4.99,0.5,0.91,6.49,5.23,221.23,82.92,0,0.25,32,success
44,22,0.38,4.47,0.74,1.63,6.87,5.33,90.29,81.98,0,0.25,32,success
44,23,0.46,3.98,1.94,1.02,7.13,5.81,47.89,80.81,0,0.25,32,success
44,24,0.37,4.97,0.13,0.11,7.63,6.14,169.1,79.76,0,0.25,32,success
44,25,0.97,4.81,1.39,0.43,7.75,6.58,0.22,79.18,0,0.25,32,success
44,26,0.82,4.43,1.98,1.03,7.98,6.85,78.68,78.49,0,0.25,32,success
44,27,1.66,3.6,1.57,0.86,8.11,7.1,322.17,77.36,0,0.25,32,success
44,28,0.59,4.04,1.3,1.88,8.18,7.49,33.26,76.89,0,0.25,32,success
44,29,0.83,4.4,0.43,1.98,8.41,7.53,351.19,76.0,0,0.25,32,success
44,30,0.88,4.9,1.81,1.97,8.6,8.01,261.3,75.23,0,0.25,32,success
44,31,0.59,4.28,1.41,0.47,8.91,8.08,269.48,74.87,0,0.25,32,success
45,0,0.45,4.39,0.41,1.26,0.11,0.04,268.74,99.44,0,0.43,14,success
45,1,1.98,4.51,1.96,1.22,0.35,0.24,281.02,98.7,0,0.43,14,success
45,2,0.76,4.52,0.18,1.83,0.67,0.37,316.56,97.84,0,0.43,14,success
45,3,0.68,4.99,0.8,1.0,0.8,0.53,202.36,97.03,0,0.43,14,success
45,4,1.29,4.88,0.27,0.57,0.96,0.9,334.76,96.73,0,0.43,14,success
45,5,0.81,4.3,0.32,1.89,1.35,0.98,272.78,96.36,0,0.43,14,success
45,6,1.73,4.83,1.52,1.17,1.61,1.19,288.47,95.28,0,0.43,14,success
45,7,0.69,4.58,0.77,0.8,1.89,1.48,14.16,94.49,0,0.43,14,success
45,8,0.33,4.1,1.94,0.89,2.03,1.96,74.77,93.34,0,0.43,14,success
45,9,0.74,4.7,0.86,1.73,2.08,2.22,308.78,92.24,0,0.43,14,success
45,10,1.08,4.18,0.63,1.82,2.52,2.7,345.85,91.85,0,0.43,14,success
45,11,0.3,2.16,1.62,1.1,2.53,2.9,38.17,90.77,0,0.43,14,success
45,12,1.28,4.82,0.5,1.02,2.77,3.07,108.53,89.69,0,0.43,14,success
45,13,1.26,4.54,0.78,0.64,3.04,3.41,340.59,88.64,0,0.43,14,success
46,0,0.34,3.86,1.52,1.06,0.38,0.49,269.8,99.19,0,0.73,19,success
46,1,0.94,4.98,1.22,0.95,0.75,0.91,162.31,98.1,0,0.73,19,success
46,2,0.68,4.25,0.9,1.47,0.75,1.39,259.01,97.5,0,0.73,19,success
46,3,1.37,3.26,1.23,1.97,0.78,1.4,266.09,97.2,0,0.73,19,success
46,4,0.76,4.98,0.41,1.77,0.92,1.44,243.6,96.43,0,0.73,19,success
46,5,0.37,4.29,1.97,1.28,1.39,1.46,279.88,95.81,0,0.73,19,success
46,6,0.44,4.95,1.44,1.06,1.39,1.93,93.73,95.41,0,0.73,19,success
46,7,0.42,4.99,1.47,0.39,1.5,2.25,326.79,94.79,0,0.73,19,success
46,8,0.37,4.71,1.92,0.42,1.64,2.39,298.66,94.46,0,0.73,19,success
46,9,1.72,4.4,1.93,1.38,1.91,2.49,11.26,93.36,0,0.73,19,success
46,10,0.95,4.79,1.74,1.88,1.91,2.49,283.54,92.93,0,0.73,19,success
46,11,1.55,4.84,1.36,0.67,2.06,2.68,8.83,92.49,0,0.73,19,success
46,12,0.49,4.44,1.76,1.76,2.26,3.16,195.67,91.32,0,0.73,19,success
46,13,0.37,3.32,1.41,1.17,2.48,3.18,333.33,90.42,0,0.73,19,success
46,14,0.79,4.41,0.29,0.95,2.67,3.33,96.9,89.29,0,0.73,19,success
46,15,0.58,4.05,1.0,1.96,3.13,3.61,83.07,88.68,0,0.73,19,success
46,16,0.99,4.97,1.04,0.93,3.62,3.64,246.45,88.13,0,0.73,19,success
46,17,1.59,4.76,1.53,0.29,4.03,3.93,201.69,87.8,0,0.73,19,success
46,18,0.36,4.4,0.65,0.74,4.38,4.11,81.81,87.49,0,0.73,19,success
47,0,0.65,4.4,1.83,1.36,0.21,0.15,358.13,99.39,0,0.89,49,partial
47,1,0.38,4.48,0.79,0.15,0.47,0.26,223.68,99.02,0,0.89,49,partial
47,2,0.43,3.87,1.46,1.22,0.57,0.52,16.37,98.62,0,0.89,49,partial
47,3,1.3,4.69,0.79,1.92,0.6,0.54,356.89,98.27,0,0.89,49,partial
47,4,0.5,4.61,0.65,1.52,1.07,0.83,53.0,97.23,0,0.89,49,partial
47,5,1.1,4.66,0.99,0.51,1.47,1.32,11.44,96.14,0,0.89,49,partial
47,6,0.8,4.98,0.88,1.06,1.62,1.74,186.82,94.97,0,0.89,49,partial
47,7,0.99,4.41,0.26,1.06,2.0,2.23,297.59,93.88,0,0.89,49,partial
47,8,0.54,4.44,1.87,0.59,2.11,2.51,42.35,93.18,0,0.89,49,partial
47,9,0.46,4.23,1.47,1.28,2.58,2.62,287.34,92.21,0,0.89,49,partial
47,10,0.7,4.38,0.31,1.31,2.83,3.12,201.0,91.38,0,0.89,49,partial
47,11,2.8,4.35,1.12,1.08,3.11,3.43,304.55,90.89,0,0.89,49,partial
47,12,0.42,4.33,0.47,0.71,3.44,3.86,324.14,90.11,0,0.89,49,partial
47,13,1.13,4.99,1.16,0.9,3.66,4.33,294.24,89.75,0,0.89,49,partial
47,14,0.91,4.17,1.47,1.13,4.07,4.77,164.2,88.81,0,0.89,49,partial
47,15,0.56,3.93,0.24,1.44,4.5,5.15,171.33,88.04,0,0.89,49,partial
47,16,0.3,3.48,0.12,0.41,4.9,5.64,96.05,87.5,0,0.89,49,partial
47,17,0.9,4.18,0.21,1.76,5.1,5.79,34.27,86.92,0,0.89,49,partial
47,18,1.0,4.88,1.65,1.85,5.45,5.85,101.34,86.16,0,0.89,49,partial
47,19,0.69,3.85,1.59,1.84,5.65,5.87,310.47,85.34,0,0.89,49,partial
47,20,2.11,4.71,0.79,0.1,5.72,5.95,187.69,84.72,0,0.89,49,partial
47,21,1.98,4.65,1.68,0.27,5.74,6.3,212.92,83.82,0,0.89,49,partial
47,22,0.5,4.03,0.84,1.41,6.06,6.44,148.11,83.25,0,0.89,49,partial
47,23,0.47,4.3,1.99,0.45,6.12,6.84,83.59,82.87,0,0.89,49,partial
47,24,1.78,4.99,0.24,0.37,6.55,6.84,356.8,82.04,0,0.89,49,partial
47,25,0.5,4.95,1.94,0.15,6.89,7.23,204.34,81.2,0,0.89,49,partial
47,26,1.24,4.71,1.82,0.75,6.99,7.49,341.49,80.01,0,0.89,49,partial
47,27,0.35,4.99,1.87,0.74,7.44,7.92,105.68,78.87,0,0.89,49,partial
47,28,0.46,4.87,1.99,0.84,7.49,8.41,261.03,78.11,0,0.89,49,partial
47,29,0.81,4.53,0.61,1.36,7.78,8.48,283.86,77.29,0,0.89,49,partial
47,30,2.42,4.79,1.92,1.62,7.95,8.64,103.31,76.81,0,0.89,49,partial
47,31,0.51,4.97,0.64,0.82,8.38,8.87,27.07,76.06,0,0.89,49,partial
47,32,0.43,4.96,1.73,0.8,8.69,9.18,160.06,75.02,0,0.89,49,partial
47,33,0.48,4.8,0.84,1.24,8.89,9.61,1.52,73.98,0,0.89,49,partial
47,34,0.7,4.37,1.07,1.39,9.1,10.1,260.13,73.15,0,0.89,49,partial
47,35,0.48,4.52,1.96,1.12,9.28,10.36,219.13,72.23,0,0.89,49,partial
47,36,0.38,4.18,1.27,0.73,9.33,10.6,356.34,71.4,0,0.89,49,partial
47,37,0.64,4.64,1.91,1.75,9.75,11.08,32.41,70.84,0,0.89,49,partial
47,38,1.5,4.93,1.02,1.79,10.07,11.56,101.66,69.74,0,0.89,49,partial
47,39,2.24,4.98,0.28,0.8,10.27,11.58,76.07,68.97,0,0.89,49,partial
47,40,0.45,4.68,1.73,1.41,10.36,11.88,55.93,68.14,0,0.89,49,partial
47,41,2.41,4.9,1.42,0.45,10.64,12.26,286.56,67.53,0,0.89,49,partial
47,42,0.37,4.48,1.75,1.73,11.09,12.75,230.88,66.61,0,0.89,49,partial
47,43,0.68,4.65,1.07,0.12,11.11,12.85,48.09,66.01,0,0.89,49,partial
47,44,1.19,4.43,0.6,0.94,11.52,13.0,43.97,65.34,0,0.89,49,partial
47,45,1.02,3.49,1.52,0.21,11.53,13.46,158.0,64.66,0,0.89,49,partial
47,46,2.24,4.57,0.54,1.01,12.03,13.88,234.14,63.51,0,0.89,49,partial
47,47,0.41,3.92,0.2,1.2,12.16,14.22,16.8,62.67,0,0.89,49,partial
47,48,0.72,4.58,0.84,0.32,12.32,14.23,171.18,61.58,0,0.89,49,partial
48,0,0.58,4.87,1.89,1.71,0.13,0.09,4.87,99.38,0,0.78,21,success
48,1,1.37,4.69,0.18,1.69,0.56,0.29,53.72,98.26,0,0.78,21,success
48,2,0.38,4.37,0.43,1.15,0.99,0.34,348.2,97.15,0,0.78,21,success
48,3,0.63,4.49,1.4,1.62,1.49,0.78,22.18,96.46,0,0.78,21,success
48,4,0.77,4.45,1.8,0.33,1.68,1.28,132.89,95.66,0,0.78,21,success
48,5,0.39,4.85,0.81,0.18,1.95,1.69,198.81,95.26,0,0.78,21,success
48,6,0.5,3.4,0.65,1.91,2.42,2.18,172.12,94.3,0,0.78,21,success
48,7,0.99,4.44,1.2,1.4,2.64,2.33,50.88,93.93,0,0.78,21,success
48,8,1.74,4.66,1.6,1.52,2.66,2.67,244.25,93.51,0,0.78,21,success
48,9,0.44,4.18,1.96,1.88,2.86,2.72,197.9,92.86,0,0.78,21,success
48,10,0.59,4.4,0.3,1.13,3.22,2.72,225.17,91.88,0,0.78,21,success
48,11,0.8,4.66,0.7,1.02,3.28,3.16,57.38,91.34,0,0.78,21,success
48,12,0.35,4.11,1.95,0.52,3.43,3.28,75.13,90.56,0,0.78,21,success
48,13,0.36,4.76,1.27,1.03,3.56,3.42,186.19,89.96,0,0.78,21,success
48,14,0.55,4.87,1.7,0.33,3.7,3.53,81.1,88.87,0,0.78,21,success
48,15,0.32,4.76,1.26,1.96,4.11,3.53,265.11,88.47,0,0.78,21,success
48,16,0.82,4.67,1.71,1.03,4.23,3.55,234.74,87.49,0,0.78,21,success
48,17,0.33,3.83,0.86,0.55,4.42,3.74,176.22,86.5,0,0.78,21,success
48,18,1.64,3.47,1.31,0.85,4.75,4.01,107.55,86.18,0,0.78,21,success
48,19,0.3,4.3,1.57,0.63,5.22,4.11,169.92,85.23,0,0.78,21,success
48,20,0.88,4.63,1.85,0.79,5.49,4.31,71.53,84.79,0,0.78,21,success
49,0,0.74,4.49,1.46,0.42,0.35,0.05,294.47,98.91,0,0.97,24,collision
49,1,0.8,4.84,1.56,1.44,0.59,0.25,158.51,98.52,0,0.97,24,collision
49,2,0.55,4.71,1.96,0.71,0.69,0.51,151.58,97.91,0,0.97,24,collision
49,3,0.38,4.42,0.73,1.43,1.05,0.83,222.22,97.2,0,0.97,24,collision
49,4,0.3,4.32,1.12,1.97,1.38,1.07,93.5,96.68,0,0.97,24,collision
49,5,0.69,4.41,0.11,1.68,1.61,1.38,122.85,95.49,0,0.97,24,collision
49,6,0.83,4.22,0.94,0.44,1.76,1.73,117.12,95.16,0,0.97,24,collision
49,7,0.8,3.76,0.79,0.39,2.25,1.75,64.93,94.41,0,0.97,24,collision
49,8,0.41,3.27,1.44,1.3,2.26,2.13,105.67,93.5,0,0.97,24,collision
49,9,0.67,4.81,1.92,0.58,2.38,2.46,148.93,93.15,0,0.97,24,collision
49,10,0.32,4.94,1.29,1.83,2.57,2.93,190.41,92.12,0,0.97,24,collision
49,11,0.73,4.95,0.16,0.37,2.97,3.37,329.45,91.79,0,0.97,24,collision
49,12,0.31,4.99,1.61,0.63,3.44,3.7,41.18,91.26,0,0.97,24,collision
49,13,0.49,4.64,0.41,1.4,3.78,3.88,209.54,90.15,1,0.97,24,collision
49,14,0.96,4.58,0.22,0.38,4.03,3.98,110.21,89.12,0,0.97,24,collision
49,15,1.3,4.33,1.7,1.8,4.51,4.19,226.29,88.04,0,0.97,24,collision
49,16,0.32,4.99,0.86,1.48,4.76,4.35,42.82,87.15,0,0.97,24,collision
49,17,0.92,3.23,0.98,0.78,5.05,4.84,147.65,86.29,1,0.97,24,collision
49,18,0.64,3.84,1.96,1.08,5.49,4.91,4.53,85.77,0,0.97,24,collision
49,19,1.44,4.56,1.35,1.68,5.68,5.21,334.13,84.95,0,0.97,24,collision
49,20,0.41,4.74,1.38,0.74,6.09,5.53,186.59,84.1,0,0.97,24,collision
49,21,1.41,4.04,0.29,1.19,6.13,5.82,321.7,82.94,0,0.97,24,collision
49,22,0.31,4.37,1.59,0.21,6.46,5.91,110.35,81.78,0,0.97,24,collision
49,23,1.71,4.39,1.32,1.6,6.58,6.07,274.24,81.44,0,0.97,24,collision
50,0,0.45,4.95,1.84,0.92,0.26,0.34,109.19,98.86,0,0.74,35,success
50,1,0.44,4.72,1.98,0.2,0.46,0.51,162.29,98.44,0,0.74,35,success
50,2,1.02,4.44,1.34,1.6,0.67,0.68,347.1,97.43,0,0.74,35,success
50,3,0.44,4.42,0.41,0.69,1.14,0.69,34.38,96.81,0,0.74,35,success
50,4,0.51,4.74,1.93,1.64,1.31,1.11,338.97,95.96,0,0.74,35,success
50,5,0.79,4.98,0.82,1.77,1.49,1.21,26.2,95.14,0,0.74,35,success
50,6,0.33,4.43,1.74,1.94,1.86,1.23,290.55,94.72,0,0.74,35,success
50,7,0.52,4.61,1.95,1.52,2.08,1.68,84.48,94.21,0,0.74,35,success
50,8,0.45,4.68,0.94,0.11,2.15,1.88,359.65,93.54,0,0.74,35,success
50,9,0.48,4.88,1.71,1.36,2.57,1.89,119.84,92.56,0,0.74,35,success
50,10,0.31,4.85,1.31,0.92,3.04,2.3,121.36,91.49,0,0.74,35,success
50,11,0.69,3.74,1.59,1.29,3.1,2.34,267.45,90.84,0,0.74,35,success
50,12,1.44,4.7,1.44,1.81,3.13,2.44,146.45,89.67,0,0.74,35,success
50,13,0.82,4.71,1.38,0.48,3.24,2.51,304.63,88.71,0,0.74,35,success
50,14,0.84,3.49,1.0,1.89,3.67,2.52,116.39,87.64,0,0.74,35,success
50,15,0.32,3.8,1.26,1.26,3.97,2.7,28.82,87.04,0,0.74,35,success
50,16,0.74,4.45,1.93,0.14,3.97,2.78,290.57,86.34,0,0.74,35,success
50,17,0.39,4.52,0.19,0.98,4.32,2.87,139.94,85.43,0,0.74,35,success
50,18,0.37,4.81,0.83,0.25,4.73,3.05,107.99,85.1,0,0.74,35,success
50,19,0.91,4.48,1.56,0.65,4.88,3.31,7.9,84.48,0,0.74,35,success
50,20,2.23,4.81,1.21,0.35,5.31,3.74,126.27,83.38,0,0.74,35,success
50,21,0.35,4.12,1.83,0.51,5.71,3.74,171.67,82.77,0,0.74,35,success
50,22,0.3,4.57,1.21,1.43,6.05,4.07,342.65,82.34,0,0.74,35,success
50,23,1.84,3.67,1.27,1.45,6.09,4.13,107.17,81.6,0,0.74,35,success
50,24,1.06,4.53,1.28,1.13,6.15,4.17,28.72,80.79,0,0.74,35,success
50,25,0.63,4.37,1.94,1.19,6.23,4.65,299.0,79.99,0,0.74,35,success
50,26,1.0,4.22,1.11,0.92,6.71,4.73,317.43,78.83,0,0.74,35,success
50,27,0.32,4.76,0.24,1.16,6.87,5.21,252.1,78.41,0,0.74,35,success
50,28,1.05,4.91,1.2,0.59,7.01,5.6,343.54,77.52,0,0.74,35,success
50,29,1.29,4.9,1.86,1.22,7.29,5.7,50.7,76.78,0,0.74,35,success
50,30,0.99,4.77,0.97,1.48,7.41,6.1,268.31,76.34,0,0.74,35,success
50,31,0.62,4.76,0.37,1.27,7.48,6.48,77.56,75.49,0,0.74,35,success
50,32,0.34,5.0,1.06,1.89,7.51,6.7,334.35,75.11,0,0.74,35,success
50,33,0.45,4.66,0.72,0.25,7.95,7.12,146.24,74.25,0,0.74,35,success
50,34,0.42,4.88,0.2,1.24,8.29,7.49,153.48,73.64,0,0.74,35,success
51,0,1.9,4.68,0.19,1.69,0.17,0.07,301.22,98.88,0,0.6,13,timeout
51,1,0.57,3.8,0.44,0.96,0.47,0.43,112.83,97.89,0,0.6,13,timeout
51,2,0.66,4.47,1.91,0.91,0.67,0.87,13.06,97.47,0,0.6,13,timeout
51,3,0.35,3.7,1.16,0.15,0.85,1.19,164.62,96.56,0,0.6,13,timeout
51,4,1.31,4.71,1.97,1.44,1.19,1.34,347.63,95.91,0,0.6,13,timeout
51,5,1.42,4.45,1.4,1.93,1.33,1.56,39.97,95.14,0,0.6,13,timeout
51,6,2.59,4.64,0.15,0.8,1.45,1.76,157.16,94.53,0,0.6,13,timeout
51,7,0.42,4.95,0.58,0.54,1.62,1.91,230.07,93.85,0,0.6,13,timeout
51,8,0.33,4.88,0.67,0.54,1.81,1.91,99.52,93.11,0,0.6,13,timeout
51,9,1.65,4.54,0.24,1.87,2.02,1.95,274.15,92.12,0,0.6,13,timeout
51,10,0.82,4.54,1.56,0.38,2.5,2.24,36.7,91.49,0,0.6,13,timeout
51,11,0.99,4.98,1.12,1.24,2.99,2.33,20.86,90.55,0,0.6,13,timeout
51,12,0.98,4.85,1.64,1.86,3.31,2.73,42.53,89.51,0,0.6,13,timeout
52,0,0.59,4.56,0.56,0.96,0.49,0.17,80.31,99.34,0,0.28,46,collision
52,1,0.33,3.03,0.57,0.94,0.88,0.34,346.31,98.72,0,0.28,46,collision
52,2,0.33,4.1,0.39,1.53,1.29,0.42,259.43,98.06,0,0.28,46,collision
52,3,0.95,4.6,1.81,0.67,1.42,0.48,72.5,97.66,1,0.28,46,collision
52,4,1.16,3.87,0.57,1.8,1.68,0.72,241.18,96.71,1,0.28,46,collision
52,5,1.18,4.56,1.15,1.27,2.01,0.9,239.53,96.1,0,0.28,46,collision
52,6,0.46,4.16,1.89,1.05,2.14,1.19,112.09,95.28,0,0.28,46,collision
52,7,1.18,4.83,1.17,0.45,2.36,1.42,39.24,94.19,0,0.28,46,collision
52,8,0.81,4.12,1.93,0.13,2.56,1.49,345.97,93.14,0,0.28,46,collision
52,9,0.44,4.49,1.03,0.97,2.92,1.99,91.47,92.02,0,0.28,46,collision
52,10,0.51,4.25,0.66,0.68,3.12,2.07,215.67,91.18,0,0.28,46,collision
52,11,0.8,4.17,0.59,1.5,3.18,2.26,143.02,90.06,0,0.28,46,collision
52,12,0.9,4.54,1.85,0.9,3.67,2.27,237.29,89.59,0,0.28,46,collision
52,13,1.03,4.96,1.11,1.62,3.89,2.34,99.66,88.8,0,0.28,46,collision
52,14,0.37,4.63,1.92,0.11,3.95,2.43,60.38,88.08,0,0.28,46,collision
52,15,2.11,3.86,0.54,1.9,4.18,2.77,206.43,87.32,0,0.28,46,collision
52,16,0.76,3.76,0.4,1.94,4.55,3.26,350.36,86.78,0,0.28,46,collision
52,17,0.37,3.97,0.26,1.91,4.8,3.4,203.56,86.27,0,0.28,46,collision
52,18,0.44,4.74,1.22,0.49,5.15,3.9,91.4,85.6,1,0.28,46,collision
52,19,1.1,4.55,0.4,0.39,5.57,4.0,34.95,84.46,0,0.28,46,collision
52,20,0.55,4.92,0.45,0.38,5.75,4.36,320.51,83.87,0,0.28,46,collision
52,21,0.61,3.15,1.48,0.35,6.03,4.81,205.31,82.96,0,0.28,46,collision
52,22,0.86,3.99,0.78,1.97,6.15,4.93,161.23,82.26,0,0.28,46,collision
52,23,0.67,4.3,0.24,1.29,6.23,5.06,178.31,81.17,0,0.28,46,collision
52,24,0.96,4.85,1.83,0.42,6.56,5.54,103.5,80.37,0,0.28,46,collision
52,25,0.69,4.42,2.0,1.65,6.76,5.67,20.27,79.33,0,0.28,46,collision
52,26,0.32,3.77,0.59,1.27,7.07,6.06,127.27,78.21,0,0.28,46,collision
52,27,0.76,3.73,0.68,1.02,7.35,6.32,188.87,77.61,0,0.28,46,collision
52,28,0.39,4.2,0.33,0.76,7.47,6.43,255.73,76.43,0,0.28,46,collision
52,29,1.24,4.72,0.91,0.77,7.62,6.66,69.26,75.77,0,0.28,46,collision
52,30,0.77,4.06,1.65,1.65,7.7,6.96,141.58,75.35,0,0.28,46,collision
52,31,2.41,3.97,0.19,1.51,7.87,7.21,221.05,74.93,0,0.28,46,collision
52,32,0.59,4.44,0.65,0.76,8.03,7.45,301.32,74.42,1,0.28,46,collision
52,33,2.39,4.97,1.27,0.97,8.36,7.56,251.56,73.82,0,0.28,46,collision
52,34,1.21,4.61,1.63,0.89,8.47,7.66,344.19,72.69,0,0.28,46,collision
52,35,0.79,4.67,0.31,1.81,8.91,7.85,332.69,72.15,0,0.28,46,collision
52,36,0.84,4.56,0.82,0.65,9.1,8.16,103.29,71.29,0,0.28,46,collision
52,37,0.96,4.71,0.33,1.09,9.52,8.32,201.97,70.68,0,0.28,46,collision
52,38,1.38,3.44,1.93,1.22,9.7,8.65,170.81,69.72,0,0.28,46,collision
52,39,1.67,4.7,1.42,1.56,9.93,8.92,142.29,68.52,1,0.28,46,collision
52,40,0.33,4.36,0.53,1.71,10.19,9.03,76.25,68.18,0,0.28,46,collision
52,41,1.56,4.95,0.83,0.44,10.49,9.25,193.22,67.82,0,0.28,46,collision
52,42,0.54,4.55,1.32,1.71,10.84,9.29,276.62,67.35,0,0.28,46,collision
52,43,0.5,4.39,0.75,0.2,10.97,9.5,153.81,66.43,0,0.28,46,collision
52,44,0.46,4.97,1.86,0.85,11.46,9.93,336.71,65.29,0,0.28,46,collision
52,45,0.49,4.93,0.47,0.87,11.72,10.41,341.09,64.22,0,0.28,46,collision
53,0,0.4,4.29,0.68,1.71,0.43,0.25,322.88,99.54,0,0.45,49,timeout
53,1,0.54,4.87,0.81,0.42,0.68,0.49,174.98,98.41,0,0.45,49,timeout
53,2,0.47,4.51,0.31,1.26,0.85,0.8,203.52,97.42,0,0.45,49,timeout
53,3,2.72,4.95,1.01,0.98,1.14,1.07,29.53,96.78,0,0.45,49,timeout
53,4,0.42,4.37,0.15,1.51,1.62,1.4,238.84,96.09,0,0.45,49,timeout
53,5,0.38,4.79,1.29,0.9,1.91,1.47,142.37,95.6,0,0.45,49,timeout
53,6,1.14,4.34,1.63,0.2,2.33,1.96,39.13,94.48,0,0.45,49,timeout
53,7,0.99,4.25,1.64,0.38,2.79,2.42,303.5,93.92,0,0.45,49,timeout
53,8,0.56,4.2,1.59,0.48,3.17,2.84,116.22,93.53,0,0.45,49,timeout
53,9,0.37,4.89,0.21,0.38,3.43,3.31,20.69,92.44,0,0.45,49,timeout
53,10,0.51,4.94,1.42,1.59,3.73,3.47,0.52,91.98,0,0.45,49,timeout
53,11,1.68,4.97,1.93,1.7,3.78,3.69,356.93,91.02,0,0.45,49,timeout
53,12,0.73,3.32,1.66,0.71,3.8,3.86,191.46,89.86,0,0.45,49,timeout
53,13,0.52,4.41,0.24,1.39,4.18,4.26,289.79,89.38,1,0.45,49,timeout
53,14,2.21,4.72,1.68,1.94,4.19,4.55,5.43,88.45,0,0.45,49,timeout
53,15,0.62,4.98,0.78,1.62,4.25,4.57,300.47,87.39,0,0.45,49,timeout
53,16,1.34,4.33,1.32,1.08,4.48,4.72,49.34,87.04,0,0.45,49,timeout
53,17,1.38,4.95,0.67,1.09,4.51,5.14,157.21,86.22,1,0.45,49,timeout
53,18,0.69,4.94,1.09,1.98,4.62,5.55,326.24,85.92,0,0.45,49,timeout
53,19,0.52,4.84,1.91,0.82,4.7,6.01,351.51,84.78,0,0.45,49,timeout
53,20,1.87,4.52,1.0,0.38,4.83,6.22,14.79,83.71,0,0.45,49,timeout
53,21,0.35,4.93,0.68,0.98,5.11,6.33,256.67,83.3,0,0.45,49,timeout
53,22,0.6,4.04,0.37,1.82,5.32,6.78,129.9,82.71,0,0.45,49,timeout
53,23,1.14,4.79,1.7,0.73,5.62,7.26,344.38,82.34,0,0.45,49,timeout
53,24,0.42,3.27,1.94,0.36,5.72,7.41,266.08,81.16,1,0.45,49,timeout
53,25,0.48,3.48,0.43,1.92,5.97,7.75,11.19,80.0,0,0.45,49,timeout
53,26,0.33,4.13,1.49,0.12,6.11,7.89,349.68,79.44,0,0.45,49,timeout
53,27,0.33,4.83,1.97,0.96,6.44,7.93,78.07,78.69,0,0.45,49,timeout
53,28,1.53,4.82,1.99,0.62,6.66,8.05,85.85,78.13,0,0.45,49,timeout
53,29,0.85,4.85,1.12,0.95,6.72,8.26,323.54,77.16,0,0.45,49,timeout
53,30,0.69,4.98,1.46,0.19,6.91,8.57,182.18,76.09,0,0.45,49,timeout
53,31,0.55,3.8,0.82,0.94,7.33,8.83,91.5,75.37,0,0.45,49,timeout
53,32,0.32,4.73,1.08,1.27,7.67,9.15,232.3,74.29,0,0.45,49,timeout
53,33,1.75,3.66,1.98,1.11,7.93,9.24,39.76,73.39,0,0.45,49,timeout
53,34,1.48,4.57,0.88,0.91,8.2,9.57,257.21,72.67,0,0.45,49,timeout
53,35,0.3,4.68,1.22,1.15,8.5,9.69,351.3,71.89,0,0.45,49,timeout
53,36,0.56,3.85,0.49,0.54,8.54,10.07,120.06,71.3,0,0.45,49,timeout
53,37,0.82,4.68,1.29,1.46,8.55,10.36,334.74,70.57,0,0.45,49,timeout
53,38,0.66,4.96,0.89,1.39,8.63,10.56,34.06,69.96,0,0.45,49,timeout
53,39,0.49,4.83,1.58,0.46,8.79,10.58,314.18,69.24,1,0.45,49,timeout
53,40,0.38,4.83,0.6,0.46,9.18,10.83,349.46,68.34,0,0.45,49,timeout
53,41,0.53,3.69,0.37,1.66,9.44,11.31,181.55,67.8,0,0.45,49,timeout
53,42,1.4,4.97,1.33,1.42,9.45,11.32,261.02,67.35,0,0.45,49,timeout
53,43,0.5,4.76,0.59,0.71,9.68,11.34,205.51,67.03,0,0.45,49,timeout
53,44,0.96,5.0,1.53,0.62,9.71,11.38,144.42,66.65,0,0.45,49,timeout
53,45,0.65,4.62,0.57,1.83,9.84,11.78,268.55,65.51,1,0.45,49,timeout
53,46,1.11,4.95,0.42,0.57,10.07,11.93,206.71,64.54,0,0.45,49,timeout
53,47,1.72,4.46,1.78,0.84,10.32,11.98,214.79,64.04,0,0.45,49,timeout
53,48,0.79,4.72,0.71,0.6,10.81,12.46,136.75,62.85,0,0.45,49,timeout
54,0,0.35,4.13,0.67,1.45,0.08,0.45,22.08,98.93,0,0.96,50,collision
54,1,0.9,4.51,1.94,0.93,0.3,0.87,267.48,98.34,0,0.96,50,collision
54,2,0.43,4.8,1.09,0.94,0.77,1.22,156.19,97.68,0,0.96,50,collision
54,3,0.62,4.02,1.48,1.29,0.85,1.44,129.11,96.89,1,0.96,50,collision
54,4,0.72,4.98,1.31,1.96,1.15,1.76,251.27,95.84,0,0.96,50,collision
54,5,1.39,4.62,0.45,1.14,1.41,2.15,209.91,94.86,1,0.96,50,collision
54,6,1.33,4.97,0.45,0.42,1.59,2.62,264.7,94.53,0,0.96,50,collision
54,7,0.49,3.65,0.45,0.38,1.7,3.01,148.39,93.62,0,0.96,50,collision
54,8,1.09,4.72,0.28,0.99,1.81,3.17,276.18,92.54,0,0.96,50,collision
54,9,0.53,4.71,1.53,0.53,2.02,3.21,58.83,91.38,0,0.96,50,collision
54,10,0.4,4.98,1.79,1.02,2.16,3.6,175.58,90.33,1,0.96,50,collision
54,11,1.25,4.67,0.52,1.64,2.57,3.64,229.02,90.01,0,0.96,50,collision
54,12,0.36,4.26,0.6,0.81,3.01,3.96,219.34,89.42,0,0.96,50,collision
54,13,0.42,4.82,1.65,0.87,3.31,3.96,8.84,88.8,0,0.96,50,collision
54,14,0.5,4.29,0.28,1.55,3.4,4.22,101.98,87.91,0,0.96,50,collision
54,15,0.67,4.99,0.47,0.8,3.58,4.52,326.71,86.98,0,0.96,50,collision
54,16,1.55,4.56,0.33,1.77,3.97,4.8,29.68,86.46,0,0.96,50,collision
54,17,0.77,4.48,0.83,1.05,4.24,5.16,315.9,85.3,0,0.96,50,collision
54,18,0.83,4.27,1.76,0.19,4.56,5.24,210.1,84.89,0,0.96,50,collision
54,19,1.22,4.95,0.89,0.12,4.94,5.3,190.99,84.41,0,0.96,50,collision
54,20,0.96,4.61,1.8,1.12,5.23,5.79,300.18,84.08,0,0.96,50,collision
54,21,0.6,4.78,1.53,1.01,5.64,6.14,195.32,83.34,0,0.96,50,collision
54,22,0.5,4.91,1.6,1.25,5.91,6.5,321.08,82.47,0,0.96,50,collision
54,23,0.92,4.77,0.76,1.91,6.0,6.67,24.28,81.4,0,0.96,50,collision
54,24,0.48,4.37,1.62,1.97,6.02,6.7,316.12,80.82,0,0.96,50,collision
54,25,1.1,4.32,0.31,1.64,6.39,7.0,94.22,80.37,0,0.96,50,collision
54,26,0.79,4.77,1.46,1.91,6.51,7.25,359.51,79.97,0,0.96,50,collision
54,27,0.97,4.75,1.6,0.51,6.72,7.71,241.19,79.6,0,0.96,50,collision
54,28,0.9,4.35,0.26,0.49,7.05,8.09,291.95,78.77,0,0.96,50,collision
54,29,0.4,4.07,0.96,0.97,7.36,8.25,39.22,78.12,0,0.96,50,collision
54,30,0.89,4.81,1.47,0.16,7.39,8.51,23.85,77.01,0,0.96,50,collision
54,31,0.44,4.1,0.24,0.2,7.66,8.56,33.56,76.29,0,0.96,50,collision
54,32,1.66,4.7,1.32,1.13,7.66,8.94,289.6,75.15,0,0.96,50,collision
54,33,0.41,5.0,1.99,0.85,7.75,8.95,17.04,74.47,0,0.96,50,collision
54,34,0.46,3.98,0.55,1.22,7.9,9.06,172.04,73.29,0,0.96,50,collision
54,35,0.33,4.99,0.2,0.87,7.98,9.38,342.45,72.26,0,0.96,50,collision
54,36,0.4,3.96,1.23,1.11,8.12,9.63,137.55,71.62,0,0.96,50,collision
54,37,1.72,4.7,0.42,0.6,8.17,9.92,251.14,71.28,0,0.96,50,collision
54,38,0.34,4.88,0.34,0.37,8.34,10.37,181.1,70.86,0,0.96,50,collision
54,39,0.76,4.97,1.53,1.93,8.37,10.57,334.53,70.14,0,0.96,50,collision
54,40,0.34,4.92,1.91,0.45,8.67,10.76,315.55,69.38,0,0.96,50,collision
54,41,0.32,4.84,1.57,0.59,8.91,10.77,219.79,69.04,0,0.96,50,collision
54,42,0.75,4.64,1.36,0.61,9.32,10.82,44.1,68.12,0,0.96,50,collision
54,43,0.44,4.09,1.84,1.12,9.35,11.23,286.18,67.34,1,0.96,50,collision
54,44,1.52,4.79,0.5,0.25,9.63,11.34,228.51,66.38,0,0.96,50,collision
54,45,1.23,4.59,1.33,0.33,9.74,11.75,247.48,65.86,1,0.96,50,collision
54,46,0.56,3.59,0.78,1.26,10.17,11.86,266.08,64.81,0,0.96,50,collision
54,47,1.17,3.87,0.49,0.24,10.26,12.19,10.85,64.34,0,0.96,50,collision
54,48,0.74,4.9,1.48,0.73,10.53,12.25,41.6,63.61,0,0.96,50,collision
54,49,0.69,4.78,0.63,0.87,10.99,12.37,179.75,63.19,0,0.96,50,collision
55,0,0.74,4.45,0.97,1.22,0.36,0.29,116.55,99.49,0,0.46,28,success
55,1,0.39,4.29,0.31,1.82,0.83,0.69,204.03,98.88,0,0.46,28,success
55,2,1.7,4.29,1.49,1.62,1.03,0.83,15.04,97.86,0,0.46,28,success
55,3,0.41,4.9,1.21,1.98,1.23,1.24,325.78,97.12,0,0.46,28,success
55,4,0.35,4.2,1.61,0.68,1.34,1.45,296.46,95.98,0,0.46,28,success
55,5,0.31,4.73,0.88,0.34,1.68,1.48,190.04,95.21,0,0.46,28,success
55,6,2.58,4.98,0.2,1.89,1.93,1.93,186.94,94.49,0,0.46,28,success
55,7,1.31,4.51,0.88,0.5,1.95,2.4,72.93,94.04,0,0.46,28,success
55,8,0.83,3.78,1.32,0.45,2.25,2.9,253.29,93.0,0,0.46,28,success
55,9,0.44,4.46,0.33,1.83,2.65,3.2,84.63,92.46,0,0.46,28,success
55,10,0.71,3.9,1.23,1.96,2.89,3.6,239.29,91.37,0,0.46,28,success
55,11,0.94,4.4,1.93,0.77,3.31,3.79,349.28,91.04,0,0.46,28,success
55,12,1.3,4.48,0.21,1.16,3.43,3.98,93.66,90.47,0,0.46,28,success
55,13,0.97,4.11,1.67,1.81,3.49,4.15,164.86,90.06,0,0.46,28,success
55,14,1.43,4.56,1.86,0.28,3.62,4.35,190.66,89.64,0,0.46,28,success
55,15,0.99,4.18,0.19,1.17,4.05,4.54,173.84,89.24,0,0.46,28,success
55,16,1.01,4.91,1.53,1.25,4.47,4.94,109.97,88.49,0,0.46,28,success
55,17,1.07,3.92,0.71,1.91,4.66,5.33,73.93,88.15,0,0.46,28,success
55,18,0.46,4.98,0.32,1.47,4.86,5.72,262.31,87.72,0,0.46,28,success
55,19,0.45,3.57,0.85,0.36,5.12,5.77,30.11,86.64,0,0.46,28,success
55,20,1.08,3.9,1.99,0.71,5.27,5.98,36.42,85.84,0,0.46,28,success
55,21,0.32,4.05,0.56,0.12,5.27,6.16,58.27,85.26,0,0.46,28,success
55,22,0.52,4.99,1.97,1.88,5.64,6.38,44.3,84.28,0,0.46,28,success
55,23,0.49,4.92,0.64,1.19,6.1,6.47,75.51,83.58,0,0.46,28,success
55,24,1.47,4.21,0.38,1.98,6.49,6.81,140.01,82.7,0,0.46,28,success
55,25,0.83,4.94,1.52,1.86,6.87,7.11,152.47,81.65,0,0.46,28,success
55,26,0.67,4.84,0.27,1.17,7.31,7.32,161.78,80.76,0,0.46,28,success
55,27,1.34,3.72,1.31,1.23,7.54,7.65,196.57,79.75,0,0.46,28,success
56,0,0.83,4.84,0.93,1.56,0.39,0.24,331.29,98.94,0,0.23,38,success
56,1,0.6,4.95,0.42,1.02,0.83,0.62,93.45,98.37,0,0.23,38,success
56,2,0.64,4.58,1.32,0.93,0.9,0.9,201.4,97.9,0,0.23,38,success
56,3,0.78,4.85,0.28,1.37,1.25,1.09,356.77,96.79,0,0.23,38,success
56,4,0.78,5.0,1.4,0.83,1.54,1.25,97.26,95.67,0,0.23,38,success
56,5,0.91,4.96,1.6,1.47,1.8,1.46,334.7,95.32,0,0.23,38,success
56,6,0.61,4.34,1.26,0.54,1.82,1.53,119.08,94.95,0,0.23,38,success
56,7,1.17,4.96,1.96,1.08,2.1,1.77,176.44,94.55,0,0.23,38,success
56,8,0.77,3.99,0.13,0.44,2.11,2.17,176.76,93.4,0,0.23,38,success
56,9,1.13,4.03,1.53,1.48,2.28,2.32,204.41,92.2,0,0.23,38,success
56,10,0.4,3.27,1.15,0.84,2.33,2.45,322.2,91.42,0,0.23,38,success
56,11,0.39,4.76,1.12,1.14,2.82,2.72,263.16,90.26,0,0.23,38,success
56,12,0.73,3.74,1.75,1.17,3.2,2.84,140.4,89.26,0,0.23,38,success
56,13,0.79,4.45,1.07,0.47,3.66,3.1,213.24,88.66,0,0.23,38,success
56,14,2.71,4.93,1.48,1.78,3.74,3.21,327.27,88.13,0,0.23,38,success
56,15,0.31,4.65,0.78,1.35,3.95,3.35,330.23,87.44,0,0.23,38,success
56,16,1.18,4.72,0.11,1.96,4.2,3.38,63.04,86.56,0,0.23,38,success
56,17,0.79,4.83,0.64,1.97,4.62,3.59,162.88,85.59,0,0.23,38,success
56,18,0.61,4.85,0.52,1.73,4.64,4.04,354.91,84.5,0,0.23,38,success
56,19,0.56,4.21,1.31,0.87,5.03,4.51,341.59,84.13,0,0.23,38,success
56,20,0.83,4.5,0.66,0.41,5.09,4.93,155.88,83.34,0,0.23,38,success
56,21,0.47,4.61,0.42,1.7,5.22,5.35,100.23,82.38,0,0.23,38,success
56,22,0.99,4.37,1.76,0.68,5.56,5.44,288.97,81.52,0,0.23,38,success
56,23,0.46,4.95,0.76,1.65,5.77,5.78,204.81,80.47,0,0.23,38,success
56,24,1.19,4.59,0.69,1.51,6.01,5.84,241.62,79.93,0,0.23,38,success
56,25,0.75,4.18,0.64,1.06,6.33,6.22,71.53,79.53,0,0.23,38,success
56,26,0.91,4.04,0.91,1.55,6.65,6.58,168.16,79.1,0,0.23,38,success
56,27,0.36,4.03,0.58,1.25,7.09,6.85,215.42,78.08,0,0.23,38,success
56,28,1.33,4.53,1.18,1.14,7.27,7.27,64.23,77.41,0,0.23,38,success
56,29,0.31,4.64,0.45,1.33,7.46,7.44,60.88,76.33,0,0.23,38,success
56,30,0.6,4.71,1.89,1.85,7.89,7.66,278.44,75.73,0,0.23,38,success
56,31,1.61,4.65,0.31,1.4,8.0,7.68,234.59,74.71,0,0.23,38,success
56,32,0.4,4.9,1.16,1.43,8.16,7.95,57.53,73.81,0,0.23,38,success
56,33,0.38,4.62,1.68,0.86,8.42,8.08,324.39,72.9,0,0.23,38,success
56,34,0.62,4.56,1.82,0.59,8.66,8.57,102.75,72.43,0,0.23,38,success
56,35,0.45,4.58,0.14,1.36,9.14,9.0,269.53,71.26,0,0.23,38,success
56,36,0.4,4.6,0.78,1.27,9.58,9.26,290.48,70.14,0,0.23,38,success
56,37,0.33,4.98,1.68,0.11,9.71,9.69,71.26,69.2,0,0.23,38,success
57,0,0.56,4.98,0.54,1.61,0.16,0.3,180.23,99.44,0,0.79,49,success
57,1,0.51,4.81,0.52,1.69,0.5,0.41,21.83,99.05,0,0.79,49,success
57,2,1.92,3.99,1.88,1.65,0.96,0.9,36.51,98.51,0,0.79,49,success
57,3,0.74,4.1,1.05,0.82,1.38,1.21,221.91,97.89,0,0.79,49,success
57,4,0.34,4.73,1.74,0.78,1.83,1.53,125.59,96.87,0,0.79,49,success
57,5,0.61,4.12,1.18,0.63,2.14,1.54,40.63,96.53,0,0.79,49,success
57,6,1.78,4.14,0.56,0.98,2.31,1.91,9.27,95.97,0,0.79,49,success
57,7,0.51,3.59,1.2,0.43,2.55,2.23,128.99,95.25,0,0.79,49,success
57,8,0.33,4.94,1.04,0.9,3.02,2.28,322.82,94.24,0,0.79,49,success
57,9,2.07,4.86,0.76,1.56,3.13,2.68,92.23,93.73,0,0.79,49,success
57,10,0.68,4.79,0.47,1.77,3.57,2.74,44.43,93.13,0,0.79,49,success
57,11,0.72,4.65,1.98,1.54,4.0,2.99,222.41,91.97,0,0.79,49,success
57,12,0.87,3.79,1.94,1.61,4.45,3.43,20.61,91.26,0,0.79,49,success
57,13,0.87,4.5,0.95,1.59,4.9,3.93,89.91,90.83,0,0.79,49,success
57,14,0.93,4.64,0.42,1.87,5.12,4.13,296.98,89.83,0,0.79,49,success
57,15,0.57,2.41,1.31,1.98,5.61,4.32,210.55,88.66,0,0.79,49,success
57,16,1.14,4.58,1.44,1.53,5.96,4.35,15.96,88.33,0,0.79,49,success
57,17,0.57,4.96,1.28,1.64,6.41,4.42,354.21,87.63,0,0.79,49,success
57,18,0.62,4.19,0.75,0.47,6.54,4.58,286.7,86.52,0,0.79,49,success
57,19,1.09,4.5,1.89,1.74,6.65,4.6,8.24,86.0,0,0.79,49,success
57,20,0.72,4.9,0.19,1.62,6.71,4.63,178.03,85.16,0,0.79,49,success
57,21,0.69,4.51,0.89,1.53,6.93,4.78,97.41,84.33,0,0.79,49,success
57,22,0.37,4.31,0.23,1.32,7.41,5.16,216.35,83.22,0,0.79,49,success
57,23,0.57,4.37,0.58,0.31,7.88,5.61,278.05,82.53,0,0.79,49,success
57,24,0.77,4.95,0.48,0.31,8.16,5.8,209.71,81.66,0,0.79,49,success
57,25,0.54,4.96,1.8,1.04,8.66,6.27,317.46,80.66,0,0.79,49,success
57,26,0.76,4.73,0.76,1.8,8.78,6.6,302.56,79.64,0,0.79,49,success
57,27,0.42,3.41,1.61,1.51,8.88,6.62,295.56,78.47,0,0.79,49,success
57,28,0.38,4.87,0.12,1.03,8.98,6.76,27.85,77.87,0,0.79,49,success
57,29,0.64,4.82,1.05,0.76,9.34,7.24,165.06,76.7,0,0.79,49,success
57,30,0.87,4.94,1.43,0.67,9.81,7.54,190.75,75.5,0,0.79,49,success
57,31,1.02,4.33,0.7,1.14,10.27,7.65,136.02,74.81,0,0.79,49,success
57,32,0.43,4.69,0.28,1.04,10.28,7.72,307.83,73.71,0,0.79,49,success
57,33,0.35,4.29,1.1,0.63,10.35,7.98,301.31,73.11,0,0.79,49,success
57,34,0.53,4.74,0.32,0.87,10.42,8.2,259.18,72.77,0,0.79,49,success
57,35,0.76,3.31,1.37,0.95,10.65,8.56,155.81,72.09,0,0.79,49,success
57,36,1.07,4.81,1.61,0.38,10.85,8.91,241.23,71.57,0,0.79,49,success
57,37,0.36,4.74,0.7,0.11,11.23,9.04,266.91,70.42,0,0.79,49,success
57,38,0.31,4.99,0.17,1.12,11.68,9.24,189.85,70.04,0,0.79,49,success
57,39,0.68,4.17,0.22,1.53,11.85,9.65,47.24,69.47,0,0.79,49,success
57,40,0.5,3.98,0.45,0.69,12.18,9.69,326.12,68.75,0,0.79,49,success
57,41,0.71,4.93,0.96,1.34,12.29,10.05,206.65,67.92,0,0.79,49,success
57,42,2.63,4.85,1.2,1.09,12.7,10.3,72.34,66.79,0,0.79,49,success
57,43,1.39,4.46,1.77,0.15,13.11,10.49,357.85,66.25,0,0.79,49,success
57,44,0.93,4.01,0.91,0.24,13.27,10.79,17.03,65.46,0,0.79,49,success
57,45,0.96,4.88,1.86,0.7,13.71,11.1,130.91,64.87,0,0.79,49,success
57,46,0.66,3.89,1.05,0.46,14.02,11.21,54.57,63.72,0,0.79,49,success
57,47,0.68,3.07,0.22,0.13,14.48,11.31,105.13,62.95,0,0.79,49,success
57,48,0.53,4.88,0.6,0.48,14.83,11.66,178.39,62.3,0,0.79,49,success
58,0,0.6,4.26,1.81,1.17,0.47,0.31,65.43,99.37,0,0.94,43,collision
58,1,0.7,4.89,0.2,0.6,0.68,0.64,42.82,98.66,0,0.94,43,collision
58,2,0.77,4.98,1.77,1.88,0.87,1.13,182.23,97.7,0,0.94,43,collision
58,3,0.73,4.98,0.5,1.2,1.33,1.55,246.5,96.63,1,0.94,43,collision
58,4,0.54,3.93,1.53,1.88,1.65,1.65,309.03,95.61,0,0.94,43,collision
58,5,1.08,3.98,0.31,1.94,1.82,1.8,283.51,94.77,0,0.94,43,collision
58,6,0.39,3.99,1.46,0.31,2.28,1.84,244.34,93.6,0,0.94,43,collision
58,7,0.68,4.82,0.85,1.63,2.73,1.95,284.54,92.76,0,0.94,43,collision
58,8,0.53,3.87,0.95,0.48,2.94,2.2,350.31,92.16,0,0.94,43,collision
58,9,0.75,4.85,1.98,0.8,3.42,2.35,1.16,91.76,0,0.94,43,collision
58,10,2.45,4.91,0.33,1.78,3.56,2.65,101.17,91.4,0,0.94,43,collision
58,11,0.35,4.08,1.43,0.69,3.58,3.09,323.26,90.21,0,0.94,43,collision
58,12,0.76,4.45,1.4,1.64,3.68,3.21,70.62,89.7,0,0.94,43,collision
58,13,0.46,4.66,0.86,0.53,3.8,3.58,185.26,88.62,0,0.94,43,collision
58,14,0.55,4.67,0.28,0.35,3.85,3.95,354.74,87.86,0,0.94,43,collision
58,15,1.75,4.75,0.87,1.75,4.21,4.25,71.81,86.68,0,0.94,43,collision
58,16,0.34,3.88,1.38,0.78,4.6,4.51,33.38,85.6,0,0.94,43,collision
58,17,0.92,4.94,0.1,0.38,4.63,4.82,62.67,85.1,0,0.94,43,collision
58,18,1.74,4.73,1.31,0.28,4.96,5.22,249.59,84.31,0,0.94,43,collision
58,19,0.95,4.32,0.67,1.84,5.12,5.56,190.06,83.42,0,0.94,43,collision
58,20,0.62,4.95,1.48,0.19,5.3,5.83,174.51,82.88,1,0.94,43,collision
58,21,0.33,4.39,1.61,0.95,5.78,6.26,69.12,82.0,0,0.94,43,collision
58,22,0.43,3.96,0.6,1.14,6.04,6.43,57.2,81.3,0,0.94,43,collision
58,23,1.74,4.57,1.7,1.85,6.28,6.84,271.0,80.13,0,0.94,43,collision
58,24,0.76,4.83,0.29,0.41,6.46,7.03,103.83,79.29,0,0.94,43,collision
58,25,0.56,4.81,1.68,1.11,6.8,7.28,219.78,78.52,0,0.94,43,collision
58,26,0.66,4.89,1.13,0.27,6.81,7.52,64.15,77.49,0,0.94,43,collision
58,27,1.21,4.75,0.98,1.45,7.22,7.9,43.08,76.88,0,0.94,43,collision
58,28,0.31,4.55,1.65,0.93,7.24,8.02,191.81,76.57,0,0.94,43,collision
58,29,1.16,4.78,0.49,1.31,7.34,8.35,285.72,75.5,0,0.94,43,collision
58,30,0.31,4.73,0.17,1.78,7.8,8.76,208.23,75.16,0,0.94,43,collision
58,31,1.35,4.83,1.82,0.53,7.98,8.95,321.07,74.44,0,0.94,43,collision
58,32,0.55,4.85,1.4,0.54,8.02,9.15,175.92,73.95,0,0.94,43,collision
58,33,0.44,4.5,1.44,0.6,8.22,9.46,26.42,72.98,0,0.94,43,collision
58,34,0.42,4.15,0.91,0.88,8.33,9.69,324.73,71.87,0,0.94,43,collision
58,35,0.4,3.81,1.07,0.88,8.66,10.1,326.46,71.18,0,0.94,43,collision
58,36,1.15,4.91,0.52,0.69,8.78,10.46,274.08,70.69,0,0.94,43,collision
58,37,0.64,3.79,1.61,0.81,9.18,10.59,239.53,69.96,0,0.94,43,collision
58,38,0.79,3.87,0.71,0.58,9.66,10.91,101.21,69.32,0,0.94,43,collision
58,39,0.51,4.6,1.99,0.6,10.12,11.27,112.61,68.27,0,0.94,43,collision
58,40,1.02,4.88,0.84,1.68,10.6,11.52,223.38,67.6,0,0.94,43,collision
58,41,0.48,4.6,1.81,1.69,10.62,11.67,125.33,66.76,0,0.94,43,collision
58,42,0.5,4.57,0.54,0.41,10.65,11.87,289.16,65.8,0,0.94,43,collision
59,0,0.4,4.68,0.48,1.03,0.4,0.05,10.29,99.62,0,0.24,31,timeout
59,1,0.72,4.77,1.91,0.91,0.84,0.18,158.49,99.31,0,0.24,31,timeout
59,2,1.47,4.97,1.54,1.42,1.16,0.33,260.81,98.71,0,0.24,31,timeout
59,3,0.73,4.88,1.63,0.99,1.65,0.56,173.27,98.23,0,0.24,31,timeout
59,4,0.81,4.75,1.7,0.26,1.7,0.91,34.42,97.57,0,0.24,31,timeout
59,5,0.6,4.79,1.99,0.85,1.95,1.11,88.08,96.92,0,0.24,31,timeout
59,6,0.48,4.28,1.24,1.25,2.15,1.24,77.9,96.3,0,0.24,31,timeout
59,7,0.64,4.99,1.38,1.1,2.6,1.66,285.91,95.71,0,0.24,31,timeout
59,8,0.4,4.95,1.94,1.57,2.95,1.67,78.53,95.39,0,0.24,31,timeout
59,9,0.7,4.57,1.75,1.34,3.34,1.91,80.69,94.96,0,0.24,31,timeout
59,10,0.65,3.28,0.69,1.89,3.48,2.17,228.07,93.84,0,0.24,31,timeout
59,11,1.28,4.55,1.16,0.17,3.53,2.63,346.8,93.19,0,0.24,31,timeout
59,12,0.83,4.0,1.32,0.19,3.79,2.94,264.23,92.55,0,0.24,31,timeout
59,13,0.51,3.69,1.36,1.67,3.85,2.99,64.01,91.96,0,0.24,31,timeout
59,14,1.12,4.22,0.31,1.89,3.9,3.31,313.51,91.01,0,0.24,31,timeout
59,15,0.47,4.17,1.29,0.54,4.2,3.33,125.05,89.86,0,0.24,31,timeout
59,16,0.45,3.44,1.97,0.77,4.25,3.65,305.88,89.16,0,0.24,31,timeout
59,17,0.76,4.37,1.77,1.22,4.34,4.03,313.21,88.77,0,0.24,31,timeout
59,18,1.03,4.72,0.77,0.74,4.69,4.41,265.02,87.65,0,0.24,31,timeout
59,19,0.37,4.55,0.38,0.9,4.72,4.76,71.37,87.07,0,0.24,31,timeout
59,20,1.02,4.98,1.05,1.79,5.11,4.84,223.38,86.01,0,0.24,31,timeout
59,21,0.48,4.38,0.92,1.5,5.34,4.86,201.32,85.46,0,0.24,31,timeout
59,22,1.5,3.98,0.86,1.18,5.46,4.89,151.29,84.61,0,0.24,31,timeout
59,23,1.57,4.49,0.41,0.66,5.77,4.95,359.58,83.81,0,0.24,31,timeout
59,24,0.92,4.77,0.87,0.6,6.16,5.02,106.54,83.16,0,0.24,31,timeout
59,25,0.4,4.82,0.26,1.27,6.18,5.32,66.0,82.7,0,0.24,31,timeout
59,26,0.92,4.97,1.38,0.64,6.23,5.39,203.98,82.11,0,0.24,31,timeout
59,27,0.74,4.45,1.95,0.9,6.71,5.82,115.63,81.47,0,0.24,31,timeout
59,28,0.44,4.76,1.42,0.36,6.89,6.13,32.39,80.67,0,0.24,31,timeout
59,29,0.45,4.29,1.26,1.62,7.28,6.17,105.14,79.82,0,0.24,31,timeout
59,30,0.77,4.12,1.9,1.63,7.73,6.57,225.28,78.94,0,0.24,31,timeout
60,0,0.43,4.92,1.87,1.58,0.3,0.47,33.05,99.42,0,0.68,21,success
60,1,0.36,4.5,1.42,1.97,0.72,0.64,141.11,98.92,0,0.68,21,success
60,2,1.0,4.38,1.24,0.54,1.17,0.78,90.41,98.6,0,0.68,21,success
60,3,0.42,4.01,1.32,0.59,1.31,0.99,144.58,98.13,0,0.68,21,success
60,4,0.71,4.33,1.43,1.49,1.73,1.31,101.39,97.66,0,0.68,21,success
60,5,0.42,4.48,1.74,1.55,1.8,1.36,246.39,97.22,0,0.68,21,success
60,6,0.35,4.44,1.09,0.22,2.3,1.77,223.4,96.29,0,0.68,21,success
60,7,0.72,4.52,1.44,1.24,2.4,2.14,18.3,95.23,0,0.68,21,success
60,8,0.35,4.88,1.17,1.69,2.5,2.4,155.31,94.16,0,0.68,21,success
60,9,0.35,4.24,0.84,0.15,2.63,2.74,35.07,92.98,0,0.68,21,success
60,10,0.51,3.96,0.2,1.51,2.83,3.12,10.74,92.18,0,0.68,21,success
60,11,0.43,4.98,0.98,1.91,3.03,3.41,180.83,91.3,0,0.68,21,success
60,12,0.71,4.75,0.54,0.41,3.22,3.55,290.26,90.98,0,0.68,21,success
60,13,2.04,4.2,0.21,1.21,3.33,3.68,337.5,89.91,0,0.68,21,success
60,14,0.44,4.45,0.49,0.12,3.68,4.09,93.41,89.09,0,0.68,21,success
60,15,0.4,4.96,1.53,1.14,3.95,4.3,359.5,88.68,0,0.68,21,success
60,16,0.64,4.57,1.28,1.81,4.03,4.78,214.61,88.04,0,0.68,21,success
60,17,1.91,4.98,1.09,0.92,4.53,4.87,133.51,87.34,0,0.68,21,success
60,18,0.53,4.98,0.4,1.2,4.57,4.98,42.18,86.87,0,0.68,21,success
60,19,0.31,4.7,1.51,0.84,4.91,5.37,180.92,85.7,0,0.68,21,success
60,20,0.86,4.64,0.81,1.21,5.04,5.57,69.58,84.76,0,0.68,21,success
61,0,0.9,4.28,1.39,0.78,0.32,0.04,174.06,99.13,0,0.61,38,collision
61,1,0.69,4.04,1.53,1.68,0.69,0.22,46.65,98.23,0,0.61,38,collision
61,2,0.39,4.49,1.3,0.41,0.69,0.26,178.0,97.8,0,0.61,38,collision
61,3,0.51,4.74,0.27,1.43,0.83,0.66,268.08,97.21,0,0.61,38,collision
61,4,0.35,4.03,1.74,0.57,1.31,0.97,37.11,96.56,1,0.61,38,collision
61,5,0.71,4.77,0.15,1.13,1.57,1.28,148.53,95.71,0,0.61,38,collision
61,6,0.47,4.47,1.89,0.3,1.8,1.43,169.0,94.71,0,0.61,38,collision
61,7,2.39,4.37,0.48,0.88,1.96,1.92,149.92,93.73,0,0.61,38,collision
61,8,0.38,4.94,0.21,0.71,2.02,2.33,5.5,92.88,0,0.61,38,collision
61,9,0.88,3.55,0.15,1.83,2.51,2.78,309.69,91.68,0,0.61,38,collision
61,10,0.36,2.6,0.67,0.63,2.9,2.93,29.63,91.04,0,0.61,38,collision
61,11,0.6,5.0,0.31,0.79,3.17,3.28,79.07,90.56,0,0.61,38,collision
61,12,0.79,4.54,1.71,1.3,3.27,3.54,272.28,89.46,0,0.61,38,collision
61,13,0.62,3.18,1.04,1.07,3.57,3.6,178.64,88.27,0,0.61,38,collision
61,14,1.82,4.35,1.53,1.75,3.64,4.07,264.4,87.35,0,0.61,38,collision
61,15,0.48,4.62,0.95,1.67,3.8,4.4,153.56,86.8,0,0.61,38,collision
61,16,0.53,4.54,0.88,0.52,4.2,4.74,299.65,85.81,0,0.61,38,collision
61,17,0.85,4.64,1.58,1.73,4.42,4.74,188.63,84.71,0,0.61,38,collision
61,18,1.17,4.69,1.93,0.49,4.85,5.2,336.83,84.29,0,0.61,38,collision
61,19,0.58,4.88,1.06,1.04,4.96,5.67,80.38,83.18,0,0.61,38,collision
61,20,0.64,4.86,0.39,1.92,5.41,5.74,350.85,82.82,0,0.61,38,collision
61,21,0.31,4.21,0.46,0.75,5.88,5.92,148.65,82.35,0,0.61,38,collision
61,22,0.57,4.64,0.44,0.25,6.22,6.1,129.1,81.27,0,0.61,38,collision
61,23,0.95,4.07,1.07,0.76,6.3,6.16,268.31,80.24,0,0.61,38,collision
61,24,0.33,4.61,0.12,1.69,6.78,6.63,249.45,79.07,0,0.61,38,collision
61,25,0.65,4.84,0.99,0.21,6.98,6.67,357.86,78.26,0,0.61,38,collision
61,26,1.05,4.55,1.03,1.58,7.06,7.03,67.46,77.55,0,0.61,38,collision
61,27,0.35,4.61,0.54,0.4,7.29,7.3,238.58,77.2,1,0.61,38,collision
61,28,0.76,4.82,1.33,1.26,7.54,7.36,120.65,76.48,0,0.61,38,collision
61,29,0.36,4.41,1.1,0.57,7.91,7.86,265.42,75.3,0,0.61,38,collision
61,30,0.96,4.87,0.23,1.63,8.14,7.88,258.56,74.33,0,0.61,38,collision
61,31,2.0,4.32,1.92,1.0,8.28,7.92,250.88,73.83,0,0.61,38,collision
61,32,1.3,4.43,0.58,1.08,8.45,8.17,61.72,73.52,0,0.61,38,collision
61,33,0.44,4.79,0.35,1.82,8.55,8.66,232.23,72.61,0,0.61,38,collision
61,34,1.92,3.62,1.69,0.76,8.86,8.76,206.6,72.15,0,0.61,38,collision
61,35,0.35,3.85,1.28,1.57,8.87,9.05,88.41,71.29,0,0.61,38,collision
61,36,0.56,4.81,1.38,1.91,9.17,9.06,272.9,70.87,0,0.61,38,collision
61,37,0.9,4.65,1.16,0.27,9.28,9.29,131.59,70.54,0,0.61,38,collision
62,0,1.02,3.85,1.53,1.37,0.16,0.33,315.13,99.34,0,0.18,26,success
62,1,0.39,4.28,1.35,1.36,0.2,0.66,97.52,98.49,0,0.18,26,success
62,2,0.54,4.92,0.99,0.33,0.54,0.95,155.45,97.81,0,0.18,26,success
62,3,0.32,4.5,0.47,0.65,1.04,1.23,127.66,97.3,0,0.18,26,success
62,4,0.79,4.98,1.81,1.55,1.47,1.41,275.57,96.97,0,0.18,26,success
62,5,0.32,4.03,1.07,1.26,1.63,1.8,95.42,96.35,0,0.18,26,success
62,6,1.72,4.98,0.87,0.11,2.02,2.28,253.44,95.39,0,0.18,26,success
62,7,0.5,4.78,0.39,0.73,2.24,2.71,94.0,94.87,0,0.18,26,success
62,8,1.12,4.65,1.74,1.34,2.29,2.83,69.4,94.38,0,0.18,26,success
62,9,0.88,4.0,1.88,0.99,2.51,3.01,248.27,93.92,0,0.18,26,success
62,10,0.92,4.99,1.11,0.65,2.93,3.26,100.27,93.6,0,0.18,26,success
62,11,0.57,4.35,0.69,1.36,3.22,3.74,162.11,92.81,0,0.18,26,success
62,12,0.51,3.16,0.64,1.01,3.63,4.09,196.17,92.08,0,0.18,26,success
62,13,0.93,3.75,1.52,0.15,3.68,4.35,309.64,91.24,0,0.18,26,success
62,14,0.73,3.34,0.68,0.68,4.0,4.79,7.34,90.8,0,0.18,26,success
62,15,0.9,4.57,1.57,0.24,4.46,5.05,348.22,90.43,0,0.18,26,success
62,16,0.71,4.91,1.7,1.79,4.54,5.08,13.37,89.73,0,0.18,26,success
62,17,0.77,4.81,0.58,1.48,4.63,5.2,24.73,89.05,0,0.18,26,success
62,18,0.44,4.17,0.55,0.66,4.66,5.29,349.45,87.91,0,0.18,26,success
62,19,0.44,3.76,0.88,0.86,5.03,5.31,333.51,87.53,0,0.18,26,success
62,20,1.61,4.98,0.51,0.19,5.22,5.67,329.78,86.68,0,0.18,26,success
62,21,0.95,4.47,1.78,1.62,5.41,6.13,331.45,86.11,0,0.18,26,success
62,22,0.33,3.45,1.8,1.96,5.82,6.35,4.26,85.13,0,0.18,26,success
62,23,0.67,4.97,0.28,1.9,5.88,6.5,40.29,84.01,0,0.18,26,success
62,24,0.42,4.0,1.37,1.02,6.2,6.58,340.22,83.62,0,0.18,26,success
62,25,0.41,3.57,1.26,1.3,6.63,7.04,32.67,82.67,0,0.18,26,success
63,0,0.46,3.48,0.87,1.19,0.23,0.08,63.26,99.67,0,0.92,18,partial
63,1,0.64,4.25,0.27,0.19,0.5,0.57,86.41,98.93,0,0.92,18,partial
63,2,1.98,3.85,0.36,1.19,0.85,0.69,269.0,98.04,0,0.92,18,partial
63,3,0.4,4.45,1.32,1.98,1.03,1.09,176.48,96.89,0,0.92,18,partial
63,4,0.82,3.49,1.38,1.82,1.11,1.57,206.13,95.86,0,0.92,18,partial
63,5,1.63,4.88,1.48,0.54,1.58,1.96,69.73,94.84,0,0.92,18,partial
63,6,0.53,3.18,1.45,1.76,2.06,2.15,117.08,94.49,0,0.92,18,partial
63,7,0.64,4.3,0.35,1.41,2.36,2.34,67.86,94.04,0,0.92,18,partial
63,8,1.4,4.95,0.17,1.14,2.81,2.7,108.75,93.24,0,0.92,18,partial
63,9,0.35,4.67,1.29,0.16,2.87,2.94,335.7,92.81,0,0.92,18,partial
63,10,0.4,3.06,2.0,0.66,3.25,3.01,152.93,91.74,0,0.92,18,partial
63,11,0.45,4.41,1.66,1.47,3.31,3.5,327.22,90.67,0,0.92,18,partial
63,12,0.32,4.23,0.73,0.97,3.74,3.57,324.7,89.53,0,0.92,18,partial
63,13,0.69,4.99,0.19,0.97,3.98,3.98,67.33,88.59,0,0.92,18,partial
63,14,0.79,3.89,1.76,0.27,4.21,4.01,92.18,87.62,0,0.92,18,partial
63,15,0.88,4.96,0.56,0.15,4.22,4.08,312.47,86.86,0,0.92,18,partial
63,16,1.36,4.78,1.73,1.15,4.5,4.12,87.07,86.08,0,0.92,18,partial
63,17,0.53,4.44,0.3,0.46,4.51,4.45,243.95,85.45,0,0.92,18,partial
64,0,0.76,4.75,0.14,0.44,0.41,0.15,9.64,99.42,0,0.23,15,collision
64,1,0.57,4.86,1.31,1.17,0.46,0.44,84.91,98.62,0,0.23,15,collision
64,2,0.84,4.99,0.48,1.48,0.5,0.59,120.35,97.81,0,0.23,15,collision
64,3,0.86,3.79,1.36,1.5,0.82,0.79,70.09,97.37,0,0.23,15,collision
64,4,0.36,4.29,1.45,0.69,0.9,1.05,164.58,96.37,0,0.23,15,collision
64,5,0.5,4.57,0.78,0.54,1.05,1.54,56.07,95.28,0,0.23,15,collision
64,6,0.47,4.34,0.91,0.72,1.1,1.71,122.67,94.36,0,0.23,15,collision
64,7,1.03,4.84,0.57,0.7,1.53,2.03,0.72,93.38,0,0.23,15,collision
64,8,0.8,4.71,0.77,1.72,1.77,2.28,264.71,92.56,0,0.23,15,collision
64,9,0.63,2.55,1.19,1.41,2.04,2.42,274.8,92.19,0,0.23,15,collision
64,10,2.12,4.73,0.63,1.35,2.28,2.51,173.85,91.41,0,0.23,15,collision
64,11,0.35,4.83,0.92,1.95,2.7,2.52,253.45,90.63,0,0.23,15,collision
64,12,1.51,4.95,0.3,0.84,3.09,2.83,26.73,90.12,1,0.23,15,collision
64,13,1.29,4.68,0.58,1.68,3.12,3.21,95.36,89.7,0,0.23,15,collision
64,14,0.38,4.83,0.78,1.96,3.59,3.38,324.59,88.93,0,0.23,15,collision
65,0,0.79,4.53,0.97,0.7,0.37,0.08,158.54,98.92,0,0.96,42,partial
65,1,0.4,4.6,1.41,1.99,0.64,0.42,39.68,98.45,0,0.96,42,partial
65,2,0.98,4.46,0.85,1.13,0.79,0.51,113.51,97.55,0,0.96,42,partial
65,3,0.94,4.99,0.48,1.78,0.91,0.71,164.36,97.15,0,0.96,42,partial
65,4,0.53,4.99,1.84,0.22,0.99,0.83,217.55,96.67,0,0.96,42,partial
65,5,0.92,4.34,0.11,0.13,1.45,1.13,246.4,95.56,0,0.96,42,partial
65,6,0.49,4.7,1.18,1.13,1.5,1.26,345.6,94.56,0,0.96,42,partial
65,7,0.63,2.25,1.82,1.87,1.61,1.37,150.09,93.94,0,0.96,42,partial
65,8,0.66,4.85,1.48,1.33,2.03,1.84,109.56,93.21,0,0.96,42,partial
65,9,1.45,4.93,1.39,1.77,2.19,2.31,357.25,92.02,0,0.96,42,partial
65,10,1.36,4.99,1.17,0.74,2.58,2.42,124.91,91.46,0,0.96,42,partial
65,11,0.92,4.3,0.24,0.91,2.6,2.61,157.96,91.03,0,0.96,42,partial
65,12,0.57,4.94,0.21,1.77,2.9,2.94,329.98,90.26,0,0.96,42,partial
65,13,0.68,4.67,0.83,1.95,3.29,3.12,110.48,89.3,0,0.96,42,partial
65,14,0.31,4.23,0.94,1.15,3.36,3.6,55.69,88.94,0,0.96,42,partial
65,15,2.49,4.35,1.09,1.55,3.81,3.66,59.74,88.25,0,0.96,42,partial
65,16,1.19,4.08,0.1,0.54,3.94,3.81,199.07,87.85,0,0.96,42,partial
65,17,0.52,4.12,1.98,1.25,4.16,4.27,203.27,87.21,0,0.96,42,partial
65,18,1.34,4.48,0.52,0.3,4.63,4.57,303.18,86.28,0,0.96,42,partial
65,19,0.44,4.97,0.97,1.19,5.12,4.69,219.96,85.6,0,0.96,42,partial
65,20,1.76,4.77,1.95,0.84,5.44,5.17,104.16,84.91,0,0.96,42,partial
65,21,0.69,3.79,0.53,0.47,5.55,5.2,162.26,84.46,0,0.96,42,partial
65,22,1.45,4.82,1.93,1.61,5.6,5.55,238.79,83.69,0,0.96,42,partial
65,23,1.71,4.84,0.39,1.3,5.85,6.05,358.36,82.86,0,0.96,42,partial
65,24,0.39,4.17,0.55,0.74,6.2,6.17,284.63,81.8,0,0.96,42,partial
65,25,2.04,4.89,1.51,1.27,6.55,6.47,147.27,80.74,0,0.96,42,partial
65,26,0.3,4.64,0.21,0.29,6.73,6.81,67.45,79.61,0,0.96,42,partial
65,27,1.71,4.62,1.18,1.94,7.07,6.91,141.07,78.77,0,0.96,42,partial
65,28,0.33,4.91,1.99,1.12,7.34,7.35,9.02,78.36,0,0.96,42,partial
65,29,0.74,4.98,1.09,1.65,7.46,7.72,19.25,78.0,0,0.96,42,partial
65,30,1.13,4.59,1.65,1.6,7.52,8.0,281.68,77.69,0,0.96,42,partial
65,31,0.33,3.47,1.32,0.21,7.92,8.06,202.49,77.1,0,0.96,42,partial
65,32,1.38,4.82,0.32,0.13,8.34,8.47,232.9,76.36,0,0.96,42,partial
65,33,0.39,4.32,1.01,0.44,8.47,8.93,51.98,75.6,0,0.96,42,partial
65,34,1.46,4.57,1.38,1.8,8.93,9.13,49.6,74.7,0,0.96,42,partial
65,35,0.79,4.97,1.7,0.58,9.09,9.27,336.96,73.74,0,0.96,42,partial
65,36,0.67,4.78,1.78,1.28,9.17,9.43,24.49,72.56,0,0.96,42,partial
65,37,0.71,4.21,0.87,1.62,9.55,9.66,269.76,71.97,0,0.96,42,partial
65,38,0.4,4.62,0.76,1.22,9.88,9.87,226.83,70.87,0,0.96,42,partial
65,39,0.4,4.69,0.62,1.27,9.97,10.32,135.83,69.99,0,0.96,42,partial
65,40,1.07,4.95,1.2,0.67,10.43,10.72,312.79,69.31,0,0.96,42,partial
65,41,0.39,4.53,1.27,0.83,10.46,10.86,98.22,68.21,0,0.96,42,partial
66,0,0.45,3.69,0.94,0.13,0.38,0.26,322.88,99.41,0,0.89,42,partial
66,1,1.07,4.75,0.19,0.16,0.66,0.49,61.88,98.7,0,0.89,42,partial
66,2,0.6,3.45,1.13,0.18,1.1,0.55,331.19,98.24,0,0.89,42,partial
66,3,0.81,4.66,0.86,1.74,1.24,0.76,20.75,97.8,0,0.89,42,partial
66,4,0.46,4.62,0.7,0.12,1.31,0.86,330.55,96.9,0,0.89,42,partial
66,5,0.71,4.64,1.82,0.43,1.47,1.16,212.99,95.72,0,0.89,42,partial
66,6,1.88,3.77,1.49,1.61,1.75,1.31,300.02,94.59,0,0.89,42,partial
66,7,0.36,4.51,0.76,0.55,1.9,1.67,334.01,93.56,0,0.89,42,partial
66,8,0.35,4.17,0.36,1.55,1.99,1.73,122.9,92.74,0,0.89,42,partial
66,9,0.51,4.61,1.44,0.37,2.34,2.2,160.51,92.31,0,0.89,42,partial
66,10,0.89,4.82,0.46,0.1,2.4,2.27,346.58,91.41,0,0.89,42,partial
66,11,0.49,4.62,0.42,0.79,2.75,2.56,356.28,90.94,0,0.89,42,partial
66,12,0.52,4.5,1.07,1.81,3.15,2.83,311.53,90.33,0,0.89,42,partial
66,13,0.5,4.94,0.52,0.77,3.31,3.08,94.1,89.18,0,0.89,42,partial
66,14,0.48,3.5,0.12,1.85,3.7,3.29,179.37,88.66,0,0.89,42,partial
66,15,0.3,4.14,1.84,1.93,4.06,3.49,339.55,87.81,0,0.89,42,partial
66,16,1.12,4.7,0.68,1.73,4.39,3.85,273.14,87.04,0,0.89,42,partial
66,17,0.49,4.18,0.9,0.91,4.55,4.02,273.91,86.29,0,0.89,42,partial
66,18,0.53,3.89,0.48,0.22,4.93,4.15,18.18,85.52,0,0.89,42,partial
66,19,0.45,4.41,1.41,1.36,5.25,4.26,82.37,84.82,0,0.89,42,partial
66,20,0.55,4.2,1.2,0.94,5.6,4.74,108.78,83.79,0,0.89,42,partial
66,21,0.47,4.66,1.64,1.86,5.94,4.9,289.01,82.65,0,0.89,42,partial
66,22,1.01,3.57,1.88,1.65,6.36,5.11,283.67,81.55,0,0.89,42,partial
66,23,0.43,3.22,0.42,1.34,6.42,5.31,84.79,80.45,0,0.89,42,partial
66,24,1.01,3.81,1.97,1.32,6.55,5.45,224.31,79.91,0,0.89,42,partial
66,25,1.06,4.85,1.99,1.42,6.71,5.48,208.54,79.21,0,0.89,42,partial
66,26,0.42,4.85,1.29,0.69,6.73,5.92,3.5,78.81,0,0.89,42,partial
66,27,0.31,4.74,0.63,1.17,7.09,6.32,67.39,77.65,0,0.89,42,partial
66,28,0.7,4.77,1.71,1.03,7.34,6.81,53.51,76.54,0,0.89,42,partial
66,29,0.74,4.74,1.24,1.33,7.79,6.97,309.33,75.57,0,0.89,42,partial
66,30,0.47,4.66,1.54,1.81,7.99,7.24,138.85,74.39,0,0.89,42,partial
66,31,0.75,4.8,1.42,1.49,8.49,7.66,129.09,73.95,0,0.89,42,partial
66,32,0.33,4.93,1.35,0.54,8.83,8.04,271.0,73.62,0,0.89,42,partial
66,33,0.31,4.89,1.19,0.55,9.32,8.48,268.5,73.29,0,0.89,42,partial
66,34,0.67,3.6,0.13,1.13,9.7,8.75,310.78,72.44,0,0.89,42,partial
66,35,1.16,4.98,0.76,0.83,9.78,8.91,0.37,71.84,0,0.89,42,partial
66,36,0.74,3.55,1.78,0.58,9.79,8.97,184.6,71.01,0,0.89,42,partial
66,37,0.6,4.55,1.3,0.83,10.17,9.2,257.31,70.67,0,0.89,42,partial
66,38,0.68,3.79,0.1,0.89,10.34,9.27,36.46,70.25,0,0.89,42,partial
66,39,0.41,4.47,1.37,1.44,10.82,9.69,246.9,69.16,0,0.89,42,partial
66,40,0.39,4.74,0.51,0.27,11.2,10.05,283.16,68.54,0,0.89,42,partial
66,41,0.35,4.61,1.37,1.76,11.36,10.39,295.84,67.98,0,0.89,42,partial
67,0,1.8,4.38,1.14,1.84,0.31,0.43,242.38,99.32,0,0.98,47,partial
67,1,0.49,4.84,1.74,1.43,0.71,0.84,141.19,98.97,0,0.98,47,partial
67,2,1.11,4.5,1.32,1.43,0.79,1.04,154.58,98.07,0,0.98,47,partial
67,3,0.79,4.79,0.82,1.47,0.79,1.23,90.61,97.2,0,0.98,47,partial
67,4,0.99,4.81,1.91,0.29,0.87,1.4,36.48,96.58,0,0.98,47,partial
67,5,0.66,3.45,0.24,0.3,1.17,1.83,355.75,95.55,0,0.98,47,partial
67,6,0.72,3.58,0.51,1.64,1.2,2.29,75.86,94.77,0,0.98,47,partial
67,7,1.12,4.14,1.62,0.84,1.22,2.36,324.3,94.25,0,0.98,47,partial
67,8,0.6,3.94,0.95,1.18,1.68,2.73,286.05,93.32,0,0.98,47,partial
67,9,0.59,4.99,0.22,0.49,2.09,3.03,101.17,92.87,0,0.98,47,partial
67,10,1.67,4.86,0.3,0.9,2.32,3.34,78.71,92.46,0,0.98,47,partial
67,11,0.96,4.94,1.87,1.7,2.56,3.82,266.9,91.64,0,0.98,47,partial
67,12,0.69,4.98,0.12,1.54,2.88,3.86,66.37,90.74,0,0.98,47,partial
67,13,0.35,4.93,0.21,0.54,3.0,4.21,141.74,90.42,0,0.98,47,partial
67,14,0.62,4.94,0.71,1.65,3.27,4.26,81.23,89.44,0,0.98,47,partial
67,15,0.74,3.81,0.3,1.62,3.68,4.43,198.13,88.27,0,0.98,47,partial
67,16,0.81,4.74,0.18,0.31,4.18,4.5,182.14,87.92,0,0.98,47,partial
67,17,1.13,4.67,0.97,0.89,4.35,4.71,58.44,87.24,0,0.98,47,partial
67,18,0.33,4.47,0.95,0.57,4.42,4.94,209.93,86.85,0,0.98,47,partial
67,19,1.68,4.87,1.89,1.03,4.57,5.33,230.39,86.21,0,0.98,47,partial
67,20,0.6,3.91,1.03,0.18,4.59,5.43,43.57,85.51,0,0.98,47,partial
67,21,1.46,4.8,1.16,0.81,4.73,5.92,276.58,84.56,0,0.98,47,partial
67,22,0.32,3.37,0.15,0.38,5.09,6.01,307.23,84.16,0,0.98,47,partial
67,23,0.32,4.65,0.16,0.88,5.41,6.31,143.86,83.54,0,0.98,47,partial
67,24,0.71,4.32,0.75,0.25,5.44,6.41,59.75,83.15,0,0.98,47,partial
67,25,0.9,4.28,1.97,1.25,5.5,6.41,260.12,82.76,0,0.98,47,partial
67,26,0.65,4.9,1.95,1.33,5.74,6.67,264.71,81.6,0,0.98,47,partial
67,27,0.43,4.05,1.4,1.96,5.92,6.84,120.03,80.73,0,0.98,47,partial
67,28,0.68,2.92,1.04,1.34,6.21,7.1,222.76,80.04,0,0.98,47,partial
67,29,0.95,4.23,1.4,0.99,6.58,7.22,283.47,79.47,0,0.98,47,partial
67,30,0.6,4.49,2.0,0.92,7.05,7.34,158.35,78.45,0,0.98,47,partial
67,31,0.44,3.63,1.24,0.89,7.34,7.7,178.52,77.3,0,0.98,47,partial
67,32,0.4,4.86,1.05,1.96,7.59,8.15,97.38,76.65,0,0.98,47,partial
67,33,0.5,4.74,1.25,1.88,7.98,8.24,42.86,75.58,0,0.98,47,partial
67,34,0.84,4.62,0.69,0.98,8.07,8.52,95.41,74.96,0,0.98,47,partial
67,35,0.39,4.95,0.87,1.48,8.55,8.97,301.23,74.05,0,0.98,47,partial
67,36,1.07,4.6,0.24,1.99,8.8,9.01,272.51,72.93,0,0.98,47,partial
67,37,1.0,4.54,0.23,0.14,9.13,9.13,56.49,71.75,0,0.98,47,partial
67,38,0.6,4.2,1.75,0.44,9.38,9.6,295.35,70.57,0,0.98,47,partial
67,39,0.65,4.63,1.49,1.4,9.73,9.73,181.62,69.71,0,0.98,47,partial
67,40,1.38,4.86,0.64,0.35,10.15,10.02,272.48,68.71,0,0.98,47,partial
67,41,1.45,4.8,0.28,0.69,10.46,10.08,169.08,67.87,0,0.98,47,partial
67,42,1.27,4.96,1.27,1.78,10.51,10.53,291.74,67.33,0,0.98,47,partial
67,43,0.33,4.76,1.19,0.41,10.84,10.55,295.59,66.76,0,0.98,47,partial
67,44,0.91,4.91,1.27,1.24,11.04,10.57,242.98,66.1,0,0.98,47,partial
67,45,0.86,4.83,0.45,1.71,11.46,10.83,307.89,65.37,0,0.98,47,partial
67,46,0.66,4.33,1.45,0.42,11.79,11.25,105.53,64.59,0,0.98,47,partial
68,0,0.72,4.93,0.16,1.83,0.5,0.42,31.85,99.6,0,0.75,38,timeout
68,1,0.84,4.47,1.4,0.27,0.76,0.7,165.96,98.99,0,0.75,38,timeout
68,2,1.03,4.26,1.12,1.84,1.14,1.17,349.35,98.44,0,0.75,38,timeout
68,3,1.89,4.65,1.64,0.77,1.33,1.55,3.49,97.5,0,0.75,38,timeout
68,4,1.66,4.89,0.67,0.32,1.5,1.74,193.4,96.48,0,0.75,38,timeout
68,5,2.69,4.8,0.98,0.33,1.91,1.75,282.17,95.47,0,0.75,38,timeout
68,6,1.26,4.88,1.67,1.22,1.93,1.89,187.71,95.12,0,0.75,38,timeout
68,7,1.67,3.6,0.97,1.55,2.33,2.29,202.72,93.95,0,0.75,38,timeout
68,8,0.45,4.92,0.74,0.85,2.76,2.44,293.1,92.87,0,0.75,38,timeout
68,9,1.27,4.34,0.67,0.4,3.23,2.79,10.57,91.9,0,0.75,38,timeout
68,10,0.52,4.53,0.36,0.92,3.27,2.93,325.93,91.07,0,0.75,38,timeout
68,11,0.75,4.54,1.71,1.11,3.58,3.03,97.96,90.65,0,0.75,38,timeout
68,12,0.34,4.89,1.48,1.64,3.75,3.4,258.68,90.0,0,0.75,38,timeout
68,13,0.85,3.71,0.15,0.27,4.21,3.59,138.15,89.37,0,0.75,38,timeout
68,14,1.06,2.82,0.92,0.75,4.36,4.04,319.18,88.84,0,0.75,38,timeout
68,15,0.67,4.99,1.68,0.51,4.5,4.3,300.88,87.83,0,0.75,38,timeout
68,16,0.62,4.22,0.35,1.06,4.94,4.44,62.66,87.07,0,0.75,38,timeout
68,17,2.04,5.0,0.14,0.73,5.14,4.46,233.16,86.2,0,0.75,38,timeout
68,18,0.98,4.79,0.34,0.1,5.61,4.47,205.13,85.43,0,0.75,38,timeout
68,19,0.82,4.97,0.68,0.25,5.87,4.71,287.4,85.02,0,0.75,38,timeout
68,20,0.97,4.57,1.64,1.89,6.22,5.07,109.63,84.52,0,0.75,38,timeout
68,21,0.86,4.92,1.63,1.24,6.45,5.34,68.48,83.75,0,0.75,38,timeout
68,22,1.0,4.5,1.5,0.52,6.89,5.38,358.3,82.95,0,0.75,38,timeout
68,23,0.34,4.86,0.52,1.05,6.92,5.78,122.31,82.18,0,0.75,38,timeout
68,24,0.99,4.81,1.85,1.9,7.15,6.2,179.84,81.81,0,0.75,38,timeout
68,25,1.08,4.13,0.86,0.62,7.45,6.52,238.66,81.16,0,0.75,38,timeout
68,26,0.33,4.41,0.51,1.43,7.59,6.64,189.71,80.57,0,0.75,38,timeout
68,27,2.26,4.51,0.94,1.94,8.05,6.73,188.56,79.85,0,0.75,38,timeout
68,28,0.59,4.85,1.25,1.62,8.5,6.76,261.97,79.14,0,0.75,38,timeout
68,29,0.33,4.59,1.98,1.4,8.67,6.81,72.57,78.37,0,0.75,38,timeout
68,30,0.77,4.88,0.68,1.92,8.95,7.04,95.65,77.25,0,0.75,38,timeout
68,31,0.63,4.75,1.45,1.68,9.04,7.48,308.08,76.24,0,0.75,38,timeout
68,32,0.71,4.94,1.76,0.91,9.51,7.53,0.79,75.89,0,0.75,38,timeout
68,33,0.95,2.95,1.05,1.1,9.95,7.74,295.21,75.06,0,0.75,38,timeout
68,34,0.87,3.9,1.28,1.38,10.33,7.78,253.9,74.54,0,0.75,38,timeout
68,35,1.46,4.98,1.66,0.23,10.45,7.86,6.47,73.38,0,0.75,38,timeout
68,36,1.82,4.77,1.7,1.55,10.73,8.15,337.63,72.61,0,0.75,38,timeout
68,37,1.33,4.94,1.36,0.48,11.01,8.58,214.91,71.43,0,0.75,38,timeout
69,0,1.9,4.41,1.21,1.03,0.33,0.24,318.35,99.45,0,0.62,40,success
69,1,0.49,4.73,1.66,0.96,0.52,0.65,293.22,98.5,0,0.62,40,success
69,2,0.58,4.98,0.96,0.97,0.85,0.94,349.75,97.87,0,0.62,40,success
69,3,0.34,4.47,1.63,1.86,0.88,1.16,58.25,97.48,0,0.62,40,success
69,4,0.86,4.99,1.36,0.2,0.96,1.29,351.25,96.85,0,0.62,40,success
69,5,0.45,4.97,1.03,1.66,1.05,1.74,214.31,95.69,0,0.62,40,success
69,6,0.5,4.76,0.56,1.49,1.12,1.9,173.78,94.94,0,0.62,40,success
69,7,1.28,4.66,0.19,1.74,1.43,2.34,70.22,94.28,0,0.62,40,success
69,8,0.58,4.95,1.25,1.65,1.79,2.63,225.49,93.57,0,0.62,40,success
69,9,0.91,4.86,1.25,1.08,2.0,2.96,16.81,92.37,0,0.62,40,success
69,10,0.52,4.72,1.41,0.51,2.36,3.24,160.06,91.75,0,0.62,40,success
69,11,0.49,4.12,0.3,1.99,2.54,3.54,294.81,91.29,0,0.62,40,success
69,12,0.89,4.81,0.38,1.5,2.66,3.63,15.42,90.91,0,0.62,40,success
69,13,0.98,4.64,1.63,1.63,2.67,3.85,122.12,89.87,0,0.62,40,success
69,14,0.97,4.26,1.34,0.1,3.1,4.33,350.34,88.91,0,0.62,40,success
69,15,0.46,4.85,0.57,1.22,3.58,4.56,73.7,87.83,0,0.62,40,success
69,16,0.47,4.39,1.92,1.64,3.6,4.75,159.34,87.36,0,0.62,40,success
69,17,0.65,4.85,0.77,1.68,3.78,4.83,122.13,86.71,0,0.62,40,success
69,18,0.58,4.83,0.64,0.4,4.13,5.31,256.76,86.17,0,0.62,40,success
69,19,0.62,4.63,1.34,0.66,4.37,5.62,165.53,85.55,0,0.62,40,success
69,20,0.5,4.88,1.69,1.32,4.61,5.77,198.72,84.74,0,0.62,40,success
69,21,0.37,4.08,0.15,1.99,4.86,6.14,9.8,84.41,0,0.62,40,success
69,22,0.48,4.32,1.94,1.07,5.11,6.33,325.07,84.0,0,0.62,40,success
69,23,0.62,3.18,1.41,1.98,5.28,6.56,26.18,83.02,0,0.62,40,success
69,24,0.59,4.5,0.4,0.2,5.71,6.99,119.0,82.04,0,0.62,40,success
69,25,0.48,4.28,1.16,0.3,6.18,7.09,123.2,81.6,0,0.62,40,success
69,26,1.16,3.31,1.71,0.8,6.62,7.43,331.02,80.81,0,0.62,40,success
69,27,1.07,4.67,1.91,0.69,6.64,7.75,269.77,80.05,0,0.62,40,success
69,28,0.43,4.92,1.71,1.29,6.66,8.14,122.9,79.31,0,0.62,40,success
69,29,0.55,4.7,1.58,0.8,7.01,8.57,163.26,78.86,0,0.62,40,success
69,30,0.88,4.56,1.59,0.52,7.12,8.99,179.64,77.91,0,0.62,40,success
69,31,1.08,4.98,1.7,0.95,7.4,9.02,247.41,77.17,0,0.62,40,success
69,32,0.99,3.74,0.89,1.0,7.63,9.22,199.67,76.45,0,0.62,40,success
69,33,0.5,4.72,1.41,0.74,7.85,9.31,59.14,75.29,0,0.62,40,success
69,34,0.63,3.77,1.38,1.4,7.95,9.48,223.24,74.96,0,0.62,40,success
69,35,1.45,4.28,1.94,0.14,7.99,9.49,350.38,73.86,0,0.62,40,success
69,36,0.79,3.98,0.99,0.91,8.32,9.72,249.94,73.53,0,0.62,40,success
69,37,0.65,4.76,0.91,1.4,8.7,10.13,75.66,72.51,0,0.62,40,success
69,38,0.39,3.83,1.81,1.44,9.09,10.14,297.67,71.6,0,0.62,40,success
69,39,1.43,3.76,1.43,1.04,9.42,10.45,329.05,70.41,0,0.62,40,success
70,0,0.92,3.96,0.54,0.37,0.3,0.15,150.69,98.82,0,0.11,13,timeout
70,1,1.04,4.64,1.51,1.48,0.61,0.41,15.5,98.14,0,0.11,13,timeout
70,2,0.36,4.36,0.63,1.61,0.62,0.7,156.42,97.07,0,0.11,13,timeout
70,3,0.52,4.05,1.57,0.49,0.84,0.73,279.07,96.41,0,0.11,13,timeout
70,4,0.34,4.75,0.38,1.11,1.03,1.08,354.74,95.48,0,0.11,13,timeout
70,5,0.32,4.91,0.62,1.53,1.07,1.35,181.9,94.5,0,0.11,13,timeout
70,6,0.34,4.07,0.92,1.34,1.22,1.51,146.1,93.85,0,0.11,13,timeout
70,7,0.4,3.83,1.87,1.33,1.57,2.0,234.99,92.98,0,0.11,13,timeout
70,8,0.36,4.62,1.04,1.46,1.69,2.31,177.0,92.35,0,0.11,13,timeout
70,9,0.74,4.88,0.89,0.7,1.87,2.69,34.74,91.53,0,0.11,13,timeout
70,10,0.94,4.34,0.87,0.81,2.09,2.86,93.54,90.53,0,0.11,13,timeout
70,11,1.05,4.8,0.74,1.18,2.57,3.11,232.09,89.58,0,0.11,13,timeout
70,12,0.63,4.58,0.84,1.25,2.98,3.3,282.65,89.26,1,0.11,13,timeout
71,0,1.09,4.17,1.71,0.55,0.46,0.25,358.03,99.11,0,0.48,30,timeout
71,1,0.54,4.67,0.15,0.72,0.81,0.4,291.12,98.04,0,0.48,30,timeout
71,2,0.78,4.3,0.47,1.94,1.12,0.66,318.15,97.12,0,0.48,30,timeout
71,3,0.6,4.39,0.26,0.81,1.28,0.91,195.37,96.71,1,0.48,30,timeout
71,4,0.62,3.88,1.96,1.6,1.6,1.08,68.19,96.34,0,0.48,30,timeout
71,5,0.75,4.77,0.76,0.76,1.7,1.12,229.07,95.75,0,0.48,30,timeout
71,6,0.37,4.78,0.58,1.49,1.88,1.29,75.63,95.16,0,0.48,30,timeout
71,7,1.92,4.09,0.24,0.51,2.15,1.79,19.32,94.65,0,0.48,30,timeout
71,8,0.82,4.82,1.42,0.69,2.62,1.82,207.01,93.89,0,0.48,30,timeout
71,9,0.54,4.6,0.18,1.08,2.69,2.11,135.44,93.01,0,0.48,30,timeout
71,10,0.33,3.94,1.35,0.5,2.9,2.38,150.69,92.3,0,0.48,30,timeout
71,11,1.58,4.23,0.69,1.72,2.98,2.56,348.56,91.52,0,0.48,30,timeout
71,12,1.21,4.07,1.57,0.77,3.12,3.0,307.94,90.91,0,0.48,30,timeout
71,13,0.37,4.35,0.78,0.27,3.41,3.07,61.99,90.23,0,0.48,30,timeout
71,14,0.72,4.37,1.41,1.09,3.86,3.15,240.56,89.7,0,0.48,30,timeout
71,15,0.66,4.98,1.8,0.49,4.33,3.23,212.37,88.67,0,0.48,30,timeout
71,16,0.45,4.26,1.61,1.98,4.34,3.32,187.5,88.03,0,0.48,30,timeout
71,17,0.47,4.08,1.78,1.51,4.34,3.71,63.6,87.65,0,0.48,30,timeout
71,18,0.54,4.0,0.86,1.96,4.66,4.0,294.55,86.78,0,0.48,30,timeout
71,19,1.26,3.87,1.47,1.24,4.75,4.14,151.07,86.21,0,0.48,30,timeout
71,20,0.32,4.57,1.55,0.46,4.98,4.4,92.95,85.5,0,0.48,30,timeout
71,21,0.7,4.58,0.13,1.28,5.34,4.7,322.6,84.39,0,0.48,30,timeout
71,22,0.45,4.71,1.72,1.07,5.46,4.71,30.62,83.34,0,0.48,30,timeout
71,23,1.39,4.42,1.08,0.45,5.68,4.89,4.96,82.32,0,0.48,30,timeout
71,24,0.58,4.3,0.94,0.71,6.0,5.04,288.01,81.89,0,0.48,30,timeout
71,25,0.68,3.35,0.23,1.81,6.46,5.44,46.97,80.79,0,0.48,30,timeout
71,26,0.55,4.97,0.6,0.13,6.79,5.87,103.55,79.96,0,0.48,30,timeout
71,27,1.36,4.78,0.42,0.48,7.16,6.08,69.6,79.29,0,0.48,30,timeout
71,28,0.9,3.67,0.83,1.06,7.33,6.36,244.98,78.23,0,0.48,30,timeout
71,29,1.46,4.67,1.64,1.54,7.76,6.53,23.05,77.7,0,0.48,30,timeout
72,0,1.32,4.99,0.9,1.34,0.27,0.44,2.14,99.52,0,0.94,35,partial
72,1,2.06,4.7,1.6,1.62,0.5,0.45,134.45,98.9,0,0.94,35,partial
72,2,0.42,4.52,1.94,1.31,0.67,0.71,349.07,98.12,0,0.94,35,partial
72,3,0.34,3.42,0.56,0.67,1.08,1.17,330.76,97.69,0,0.94,35,partial
72,4,0.79,4.65,1.67,1.73,1.57,1.62,1.04,96.87,0,0.94,35,partial
72,5,0.73,4.2,1.77,0.85,1.68,2.02,180.49,96.38,0,0.94,35,partial
72,6,0.93,4.6,1.22,1.2,2.17,2.07,125.84,95.58,0,0.94,35,partial
72,7,1.35,4.76,0.96,0.76,2.34,2.36,32.96,95.04,0,0.94,35,partial
72,8,0.65,4.95,1.92,0.79,2.56,2.39,41.25,94.73,0,0.94,35,partial
72,9,1.17,4.79,0.69,1.64,2.64,2.88,59.78,93.56,0,0.94,35,partial
72,10,0.34,4.94,1.41,0.51,3.11,3.21,22.04,92.71,0,0.94,35,partial
72,11,0.58,4.66,1.52,1.76,3.12,3.7,260.94,92.17,0,0.94,35,partial
72,12,0.52,4.82,1.8,0.76,3.26,4.2,91.18,91.17,0,0.94,35,partial
72,13,0.39,4.05,1.81,1.14,3.41,4.31,210.88,90.39,0,0.94,35,partial
72,14,0.53,3.71,1.33,0.69,3.59,4.35,33.39,89.34,0,0.94,35,partial
72,15,0.55,4.44,1.26,1.08,3.69,4.6,325.72,88.58,0,0.94,35,partial
72,16,1.51,4.61,1.88,0.41,3.74,4.97,24.64,88.19,0,0.94,35,partial
72,17,0.89,4.99,0.56,0.19,3.89,5.0,329.5,87.76,0,0.94,35,partial
72,18,0.46,4.96,0.52,1.92,4.23,5.05,171.0,87.32,0,0.94,35,partial
72,19,0.58,4.78,0.48,1.1,4.45,5.42,162.25,86.23,0,0.94,35,partial
72,20,0.4,4.87,0.5,1.52,4.85,5.6,48.17,85.27,0,0.94,35,partial
72,21,1.21,4.17,1.07,0.27,5.31,5.73,34.36,84.66,0,0.94,35,partial
72,22,0.46,4.76,0.59,0.59,5.39,6.14,93.83,83.47,0,0.94,35,partial
72,23,0.82,4.55,1.23,1.28,5.79,6.28,296.21,82.46,0,0.94,35,partial
72,24,0.36,4.84,1.28,0.66,6.16,6.76,355.98,82.08,0,0.94,35,partial
72,25,0.69,4.05,1.9,0.98,6.45,7.07,116.66,80.89,0,0.94,35,partial
72,26,0.59,4.11,0.92,0.96,6.88,7.44,12.82,80.13,0,0.94,35,partial
72,27,0.51,4.58,0.54,1.79,6.98,7.73,50.01,79.29,0,0.94,35,partial
72,28,0.53,3.66,1.93,0.53,7.34,7.94,247.29,78.96,0,0.94,35,partial
72,29,0.88,4.75,0.68,1.83,7.61,8.01,127.97,77.76,0,0.94,35,partial
72,30,1.26,4.21,1.26,0.34,7.76,8.04,13.79,77.1,0,0.94,35,partial
72,31,0.75,4.82,0.94,0.52,8.1,8.15,299.9,76.3,0,0.94,35,partial
72,32,0.61,4.91,1.03,0.56,8.55,8.41,31.83,75.87,0,0.94,35,partial
72,33,0.79,4.88,0.28,1.74,8.77,8.62,216.27,75.19,0,0.94,35,partial
72,34,1.05,4.68,1.23,0.73,8.88,8.89,204.56,74.43,0,0.94,35,partial
73,0,0.74,4.95,0.75,1.46,0.01,0.27,12.92,99.51,0,0.15,34,success
73,1,1.23,4.03,1.97,1.46,0.15,0.74,276.85,98.43,0,0.15,34,success
73,2,2.54,4.84,0.93,1.68,0.25,1.15,292.88,98.08,0,0.15,34,success
73,3,0.54,4.68,0.32,1.31,0.34,1.49,236.42,97.19,0,0.15,34,success
73,4,0.43,4.92,1.59,0.82,0.47,1.72,181.03,96.81,0,0.15,34,success
73,5,0.43,4.94,1.37,0.34,0.7,2.0,230.72,96.16,0,0.15,34,success
73,6,2.31,4.15,0.57,1.48,0.91,2.12,37.93,95.65,0,0.15,34,success
73,7,0.55,4.73,0.16,0.41,1.08,2.57,288.81,94.53,0,0.15,34,success
73,8,0.75,4.78,0.83,0.85,1.12,2.92,66.36,93.33,0,0.15,34,success
73,9,0.64,4.2,1.17,1.36,1.35,3.34,308.33,92.93,0,0.15,34,success
73,10,0.36,3.43,0.3,1.8,1.55,3.47,92.55,92.54,0,0.15,34,success
73,11,1.66,4.95,0.42,0.75,1.95,3.92,182.52,91.6,0,0.15,34,success
73,12,0.34,4.87,0.22,1.52,2.22,4.39,94.79,91.02,0,0.15,34,success
73,13,0.54,4.54,1.34,0.58,2.47,4.74,202.22,90.16,0,0.15,34,success
73,14,1.04,4.95,1.78,1.96,2.67,5.13,114.16,89.64,0,0.15,34,success
73,15,0.84,4.49,0.15,0.99,2.81,5.18,280.97,88.54,0,0.15,34,success
73,16,1.49,4.88,1.98,1.72,2.96,5.48,323.44,88.22,0,0.15,34,success
73,17,1.03,4.94,1.03,1.88,3.18,5.75,240.56,87.9,0,0.15,34,success
73,18,0.31,4.44,1.39,0.36,3.27,5.81,315.87,86.98,0,0.15,34,success
73,19,0.68,4.7,0.21,0.8,3.75,6.16,306.27,86.33,0,0.15,34,success
73,20,0.68,4.18,0.3,0.45,3.87,6.41,356.96,85.59,0,0.15,34,success
73,21,2.01,4.94,1.64,1.59,4.26,6.59,173.01,84.89,0,0.15,34,success
73,22,0.8,4.57,1.4,0.91,4.41,6.92,303.11,84.44,0,0.15,34,success
73,23,0.58,4.83,0.78,1.21,4.9,7.06,147.47,83.3,0,0.15,34,success
73,24,2.27,4.76,1.02,1.64,4.96,7.17,269.06,82.22,0,0.15,34,success
73,25,1.16,3.95,1.27,1.03,5.23,7.19,19.06,81.29,0,0.15,34,success
73,26,1.54,4.06,0.26,1.03,5.68,7.39,39.39,80.27,0,0.15,34,success
73,27,0.96,4.66,1.79,1.48,6.03,7.72,281.14,79.63,0,0.15,34,success
73,28,0.7,4.78,1.18,0.95,6.04,7.83,180.78,79.21,0,0.15,34,success
73,29,0.62,4.31,1.26,0.12,6.15,8.32,157.69,78.89,0,0.15,34,success
73,30,0.32,4.4,0.84,0.17,6.37,8.69,134.72,78.14,0,0.15,34,success
73,31,0.4,3.88,0.95,1.94,6.71,8.81,35.05,77.33,0,0.15,34,success
73,32,0.87,4.76,0.8,0.78,7.07,8.96,100.77,76.97,0,0.15,34,success
73,33,0.42,4.28,0.51,1.62,7.38,9.46,17.98,76.55,0,0.15,34,success
74,0,0.65,4.67,0.33,1.31,0.04,0.22,290.01,98.99,0,0.5,26,timeout
74,1,0.36,4.49,0.53,0.38,0.1,0.6,73.53,98.67,0,0.5,26,timeout
74,2,1.16,4.09,1.43,1.07,0.59,1.05,148.51,97.95,0,0.5,26,timeout
74,3,0.38,4.41,0.54,1.62,0.8,1.15,145.14,96.76,0,0.5,26,timeout
74,4,0.49,4.72,1.95,0.16,1.08,1.24,148.75,96.0,0,0.5,26,timeout
74,5,0.4,5.0,1.9,1.26,1.24,1.4,221.14,94.82,0,0.5,26,timeout
74,6,0.62,4.35,0.52,0.9,1.36,1.74,276.51,93.74,0,0.5,26,timeout
74,7,0.96,4.68,0.37,1.07,1.49,1.75,329.84,93.05,0,0.5,26,timeout
74,8,1.89,4.74,1.96,0.3,1.69,2.05,125.45,92.11,0,0.5,26,timeout
74,9,1.02,4.61,0.86,0.12,1.73,2.4,5.92,91.0,0,0.5,26,timeout
74,10,0.51,4.11,0.87,1.32,1.76,2.65,206.12,89.85,0,0.5,26,timeout
74,11,0.97,4.83,0.27,1.74,1.95,2.83,33.03,89.47,0,0.5,26,timeout
74,12,1.16,4.93,1.08,0.32,2.03,3.21,86.64,88.33,0,0.5,26,timeout
74,13,0.42,4.37,1.17,1.7,2.12,3.53,356.28,87.45,0,0.5,26,timeout
74,14,1.01,3.33,0.2,1.36,2.53,3.62,305.1,86.75,0,0.5,26,timeout
74,15,0.48,3.67,1.23,0.29,2.74,3.78,225.27,85.57,0,0.5,26,timeout
74,16,0.49,4.73,0.24,0.75,3.03,3.91,243.14,85.25,0,0.5,26,timeout
74,17,0.32,4.82,1.79,0.79,3.39,4.03,120.25,84.72,0,0.5,26,timeout
74,18,0.95,4.65,0.55,0.55,3.48,4.48,41.76,84.32,1,0.5,26,timeout
74,19,0.79,4.9,0.21,0.34,3.59,4.53,61.64,83.57,0,0.5,26,timeout
74,20,0.32,3.98,1.03,1.75,3.75,4.78,306.27,83.1,0,0.5,26,timeout
74,21,0.33,3.07,0.12,0.56,4.12,5.18,190.25,81.98,0,0.5,26,timeout
74,22,0.68,4.76,0.4,1.67,4.62,5.45,202.78,81.21,0,0.5,26,timeout
74,23,0.98,4.54,0.17,0.43,4.66,5.8,33.61,80.68,1,0.5,26,timeout
74,24,0.54,4.22,1.61,0.62,4.94,6.05,140.25,80.23,0,0.5,26,timeout
74,25,0.63,3.96,1.8,0.36,5.09,6.29,159.69,79.78,0,0.5,26,timeout
75,0,1.86,4.79,0.76,1.32,0.4,0.33,237.39,99.68,0,0.63,26,success
75,1,1.54,4.42,0.98,1.63,0.83,0.7,12.17,98.64,0,0.63,26,success
75,2,0.38,4.81,0.8,0.78,0.93,0.77,317.6,97.82,0,0.63,26,success
75,3,0.67,4.88,0.68,0.91,1.11,1.26,196.14,96.97,0,0.63,26,success
75,4,1.39,4.59,1.79,1.57,1.57,1.28,102.02,96.57,0,0.63,26,success
75,5,0.49,4.27,0.76,1.0,1.65,1.44,43.86,95.46,0,0.63,26,success
75,6,0.53,4.81,1.75,1.7,1.87,1.47,88.97,94.35,0,0.63,26,success
75,7,1.31,4.97,1.08,0.84,2.12,1.61,134.39,93.28,0,0.63,26,success
75,8,0.81,4.56,0.35,0.69,2.17,1.88,296.26,92.71,0,0.63,26,success
75,9,0.51,4.78,1.49,1.67,2.36,2.14,314.3,91.54,0,0.63,26,success
75,10,0.98,4.68,1.13,1.87,2.54,2.45,20.5,91.09,0,0.63,26,success
75,11,0.99,4.71,0.57,1.03,2.78,2.6,279.7,90.65,0,0.63,26,success
75,12,1.36,4.35,1.05,0.74,3.08,2.67,167.45,90.2,0,0.63,26,success
75,13,0.46,4.33,0.84,1.58,3.27,2.74,16.47,89.83,0,0.63,26,success
75,14,1.55,4.84,0.59,1.11,3.71,2.92,223.08,88.73,0,0.63,26,success
75,15,0.48,4.59,0.13,1.78,4.07,3.23,114.01,87.83,0,0.63,26,success
75,16,0.42,4.08,1.04,1.69,4.19,3.67,72.73,86.64,0,0.63,26,success
75,17,0.37,4.45,0.48,0.89,4.35,3.89,230.22,85.6,0,0.63,26,success
75,18,0.4,4.56,1.1,0.76,4.82,4.28,131.42,85.06,0,0.63,26,success
75,19,1.41,4.5,0.34,1.52,4.84,4.75,110.63,84.36,0,0.63,26,success
75,20,1.98,4.79,1.32,0.32,5.13,4.86,116.03,83.39,0,0.63,26,success
75,21,0.44,3.37,1.45,0.84,5.23,4.95,181.69,82.28,0,0.63,26,success
75,22,1.06,4.47,0.31,1.7,5.61,5.34,18.47,81.64,0,0.63,26,success
75,23,0.39,4.48,0.56,1.82,6.1,5.58,229.52,81.21,0,0.63,26,success
75,24,0.64,4.7,1.23,1.24,6.43,6.08,88.11,80.69,0,0.63,26,success
75,25,0.48,4.2,0.39,0.3,6.6,6.51,213.46,80.16,0,0.63,26,success
76,0,0.91,4.54,0.32,0.36,0.47,0.21,229.09,99.57,0,0.45,37,success
76,1,0.43,4.21,0.77,1.24,0.5,0.24,220.37,98.53,0,0.45,37,success
76,2,1.59,4.78,1.13,0.9,0.91,0.39,149.44,97.43,0,0.45,37,success
76,3,0.84,4.76,0.33,0.91,0.96,0.8,186.82,96.48,0,0.45,37,success
76,4,0.77,3.9,1.48,0.91,1.25,0.82,104.52,95.68,0,0.45,37,success
76,5,0.86,4.71,0.85,1.45,1.28,1.27,174.97,95.22,0,0.45,37,success
76,6,0.89,4.53,0.27,0.34,1.63,1.63,325.13,94.63,0,0.45,37,success
76,7,0.55,4.78,0.57,0.16,1.83,1.85,319.31,93.82,0,0.45,37,success
76,8,1.19,4.96,1.93,1.86,2.24,1.95,84.94,92.82,0,0.45,37,success
76,9,0.63,4.9,0.36,0.48,2.59,2.39,118.08,91.95,0,0.45,37,success
76,10,1.45,3.84,0.11,1.77,2.6,2.74,168.68,91.55,0,0.45,37,success
76,11,1.39,4.78,1.73,1.2,2.73,3.08,252.98,90.53,0,0.45,37,success
76,12,1.36,4.86,0.79,1.32,3.15,3.41,7.09,89.63,0,0.45,37,success
76,13,0.32,3.59,1.74,0.29,3.46,3.75,292.79,88.9,0,0.45,37,success
76,14,0.36,3.62,1.47,1.86,3.93,4.2,273.36,87.88,0,0.45,37,success
76,15,1.14,4.03,1.34,1.62,4.18,4.66,312.87,87.09,0,0.45,37,success
76,16,1.13,4.14,1.6,0.71,4.4,4.85,185.74,86.28,0,0.45,37,success
76,17,0.39,4.88,1.25,1.28,4.41,5.35,273.34,85.15,0,0.45,37,success
76,18,0.41,4.08,1.79,1.72,4.84,5.4,219.98,84.78,0,0.45,37,success
76,19,1.23,4.73,1.77,0.52,5.33,5.73,223.31,84.15,0,0.45,37,success
76,20,1.95,4.26,0.93,0.9,5.46,5.74,35.88,83.51,0,0.45,37,success
76,21,0.44,4.17,1.17,0.56,5.55,6.07,130.77,82.43,0,0.45,37,success
76,22,0.4,4.91,1.44,1.33,6.05,6.51,199.52,81.52,0,0.45,37,success
76,23,1.23,3.59,1.97,1.97,6.07,6.82,170.19,81.14,0,0.45,37,success
76,24,0.84,4.77,1.23,1.78,6.25,7.09,139.94,80.14,0,0.45,37,success
76,25,0.52,4.51,0.26,0.78,6.75,7.32,238.27,79.69,0,0.45,37,success
76,26,0.47,3.38,0.86,1.04,6.85,7.61,357.6,79.37,0,0.45,37,success
76,27,0.98,4.08,0.58,1.34,7.12,8.02,62.07,78.98,0,0.45,37,success
76,28,1.3,4.65,1.01,1.97,7.57,8.47,318.89,78.53,0,0.45,37,success
76,29,1.24,4.89,0.73,0.97,7.75,8.77,144.29,77.34,0,0.45,37,success
76,30,0.42,3.4,1.47,1.76,8.1,8.85,73.09,76.49,0,0.45,37,success
76,31,0.62,4.85,1.08,1.29,8.26,8.94,152.22,76.03,0,0.45,37,success
76,32,0.91,3.86,1.98,1.13,8.33,8.99,287.97,75.72,0,0.45,37,success
76,33,0.41,3.73,1.51,0.97,8.82,9.27,215.66,74.61,0,0.45,37,success
76,34,2.66,4.61,0.89,0.89,8.91,9.3,106.93,73.62,0,0.45,37,success
76,35,0.38,4.25,1.49,0.63,9.01,9.58,15.57,73.15,0,0.45,37,success
76,36,0.84,4.24,1.86,1.17,9.3,10.0,137.04,72.0,0,0.45,37,success
77,0,1.05,3.29,1.42,0.23,0.18,0.21,49.75,99.1,0,0.52,31,success
77,1,0.51,4.18,0.32,0.45,0.31,0.31,339.98,98.41,0,0.52,31,success
77,2,0.31,2.27,0.11,0.67,0.32,0.43,212.47,97.36,0,0.52,31,success
77,3,1.61,4.44,0.91,0.96,0.61,0.75,243.33,96.18,0,0.52,31,success
77,4,0.65,4.38,0.61,1.17,1.05,1.23,301.07,95.46,0,0.52,31,success
77,5,1.28,4.92,0.2,1.58,1.17,1.43,59.73,94.79,0,0.52,31,success
77,6,1.63,4.95,1.86,1.83,1.46,1.72,311.93,94.39,0,0.52,31,success
77,7,1.17,3.9,1.16,0.46,1.66,1.79,8.96,93.59,0,0.52,31,success
77,8,1.06,4.88,1.33,1.79,1.96,2.27,143.01,92.59,0,0.52,31,success
77,9,0.6,4.84,0.27,1.62,2.32,2.62,13.64,91.51,0,0.52,31,success
77,10,0.31,4.52,0.66,0.33,2.54,2.71,24.12,90.78,0,0.52,31,success
77,11,0.98,4.69,0.41,0.68,2.8,3.07,36.63,89.63,0,0.52,31,success
77,12,0.56,4.58,1.32,0.22,3.22,3.51,155.47,89.3,0,0.52,31,success
77,13,0.52,4.46,1.83,0.41,3.36,3.88,71.78,88.38,0,0.52,31,success
77,14,1.15,4.86,0.72,1.19,3.72,4.18,344.55,87.68,0,0.52,31,success
77,15,0.67,4.8,0.29,0.74,3.85,4.42,357.37,87.32,0,0.52,31,success
77,16,0.34,4.96,0.28,1.06,4.27,4.46,322.97,86.42,0,0.52,31,success
77,17,0.64,4.38,0.82,0.53,4.66,4.52,113.67,85.39,0,0.52,31,success
77,18,0.55,4.76,1.01,0.87,4.93,4.71,202.86,84.61,0,0.52,31,success
77,19,0.55,4.47,0.39,0.19,5.34,4.89,141.98,83.7,0,0.52,31,success
77,20,1.96,4.89,0.49,0.77,5.56,5.2,308.03,82.9,0,0.52,31,success
77,21,0.48,4.14,0.79,0.4,6.02,5.47,48.79,81.8,0,0.52,31,success
77,22,1.02,4.84,1.95,1.5,6.39,5.6,149.69,80.87,0,0.52,31,success
77,23,0.8,4.1,1.84,1.82,6.51,5.73,70.59,80.05,0,0.52,31,success
77,24,0.63,4.64,0.11,1.8,6.82,5.92,177.9,79.03,0,0.52,31,success
77,25,0.42,4.41,1.8,0.13,6.84,6.38,108.89,77.87,0,0.52,31,success
77,26,0.45,4.26,0.96,1.4,7.28,6.61,179.09,76.91,0,0.52,31,success
77,27,1.99,4.5,1.26,1.23,7.51,6.79,114.03,75.98,0,0.52,31,success
77,28,0.48,4.92,0.28,1.78,7.87,6.95,70.09,74.94,0,0.52,31,success
77,29,0.38,4.85,0.22,1.95,8.07,7.17,75.45,74.6,0,0.52,31,success
77,30,0.43,3.93,1.19,1.3,8.36,7.47,64.69,74.03,0,0.52,31,success
78,0,0.5,4.87,0.27,1.74,0.36,0.29,227.32,99.53,0,0.28,47,success
78,1,0.47,4.85,1.26,0.16,0.6,0.34,340.74,99.2,0,0.28,47,success
78,2,1.59,4.69,1.95,1.61,0.99,0.36,304.72,98.21,0,0.28,47,success
78,3,0.62,4.53,0.83,0.67,1.07,0.38,226.16,97.26,0,0.28,47,success
78,4,0.3,4.19,0.62,1.93,1.21,0.44,223.72,96.39,0,0.28,47,success
78,5,0.47,2.49,0.14,0.54,1.43,0.48,110.05,95.47,0,0.28,47,success
78,6,0.99,4.86,0.87,1.59,1.5,0.56,283.86,94.67,0,0.28,47,success
78,7,1.41,4.07,0.23,1.93,1.87,0.6,330.65,93.74,0,0.28,47,success
78,8,0.39,4.83,0.61,0.3,2.29,0.96,0.24,93.39,0,0.28,47,success
78,9,1.12,4.12,1.71,1.24,2.6,0.97,81.37,92.22,0,0.28,47,success
78,10,2.12,4.89,0.31,0.72,2.62,1.03,269.4,91.31,0,0.28,47,success
78,11,0.31,4.53,1.7,1.93,3.03,1.19,251.92,90.63,0,0.28,47,success
78,12,0.38,4.51,1.7,0.89,3.27,1.24,138.32,89.54,0,0.28,47,success
78,13,0.48,3.94,0.37,0.2,3.6,1.73,341.44,88.78,0,0.28,47,success
78,14,0.32,4.8,0.44,1.77,3.89,2.15,291.09,87.58,0,0.28,47,success
78,15,0.36,4.2,0.5,1.05,3.95,2.63,256.47,87.2,0,0.28,47,success
78,16,1.44,4.97,1.63,1.58,4.12,2.67,226.27,86.62,0,0.28,47,success
78,17,0.54,4.15,0.63,0.57,4.39,3.11,190.36,86.12,0,0.28,47,success
78,18,0.58,4.98,0.61,0.2,4.62,3.24,248.62,84.96,0,0.28,47,success
78,19,0.42,4.94,0.85,0.16,4.95,3.5,20.38,84.18,0,0.28,47,success
78,20,0.79,4.81,1.86,0.57,5.06,3.5,265.61,83.44,0,0.28,47,success
78,21,1.16,3.91,0.61,0.63,5.24,3.68,55.47,82.3,0,0.28,47,success
78,22,0.75,3.92,1.64,0.27,5.61,3.93,139.46,81.52,0,0.28,47,success
78,23,1.09,4.78,0.19,1.62,6.09,4.3,185.65,81.18,0,0.28,47,success
78,24,0.4,4.77,1.0,1.41,6.58,4.76,200.02,80.75,0,0.28,47,success
78,25,0.96,3.8,1.69,1.78,6.93,4.94,292.07,79.83,0,0.28,47,success
78,26,0.49,4.72,1.98,1.78,7.03,5.15,126.94,79.2,0,0.28,47,success
78,27,0.41,4.98,0.94,1.58,7.42,5.49,169.98,78.1,0,0.28,47,success
78,28,0.39,4.38,0.82,0.6,7.58,5.99,321.97,77.49,0,0.28,47,success
78,29,1.15,4.36,1.43,1.61,7.61,6.19,200.88,76.37,0,0.28,47,success
78,30,1.25,4.68,0.25,1.57,7.9,6.29,78.99,75.94,0,0.28,47,success
78,31,1.07,4.8,0.42,0.82,8.33,6.71,221.26,75.48,0,0.28,47,success
78,32,1.07,4.82,0.62,0.64,8.5,7.2,90.8,74.7,0,0.28,47,success
78,33,1.05,4.9,0.12,1.67,8.87,7.64,2.04,74.32,0,0.28,47,success
78,34,0.88,4.1,0.15,1.86,9.0,7.88,241.57,73.83,0,0.28,47,success
78,35,0.49,4.19,1.38,1.56,9.2,8.31,254.63,72.65,0,0.28,47,success
78,36,0.51,4.97,0.89,1.77,9.35,8.56,317.59,71.57,0,0.28,47,success
78,37,0.33,4.95,1.84,1.85,9.43,8.69,161.84,71.03,0,0.28,47,success
78,38,1.35,3.62,1.38,1.77,9.88,8.85,65.62,70.53,0,0.28,47,success
78,39,1.58,4.63,1.15,1.09,10.1,8.93,309.77,69.5,0,0.28,47,success
78,40,0.32,4.74,1.07,1.14,10.51,9.26,11.57,69.17,0,0.28,47,success
78,41,1.23,4.8,0.37,1.26,10.51,9.32,226.83,68.82,0,0.28,47,success
78,42,0.31,4.83,1.57,1.77,10.76,9.36,291.16,67.73,0,0.28,47,success
78,43,0.69,4.7,0.9,1.32,10.84,9.68,357.83,66.92,0,0.28,47,success
78,44,0.42,4.8,1.8,1.69,11.26,9.76,355.98,65.87,0,0.28,47,success
78,45,0.46,4.77,0.99,0.62,11.59,9.77,203.98,65.16,0,0.28,47,success
78,46,0.63,4.5,1.66,0.2,11.88,10.04,181.9,63.98,0,0.28,47,success
79,0,1.17,4.58,1.6,1.89,0.39,0.41,239.52,98.8,0,0.91,13,partial
79,1,1.28,4.7,1.39,0.24,0.7,0.6,176.26,98.07,0,0.91,13,partial
79,2,0.35,4.39,1.46,1.66,1.17,0.9,132.25,97.71,0,0.91,13,partial
79,3,0.92,4.42,0.59,0.92,1.55,1.16,220.24,97.27,0,0.91,13,partial
79,4,0.82,4.96,1.25,0.6,1.78,1.44,76.66,96.23,0,0.91,13,partial
79,5,0.4,4.97,1.99,1.06,2.25,1.46,138.33,95.58,0,0.91,13,partial
79,6,0.66,2.43,1.61,1.93,2.35,1.89,342.77,95.22,0,0.91,13,partial
79,7,0.66,4.57,1.78,1.15,2.46,2.14,198.64,94.8,0,0.91,13,partial
79,8,0.62,4.51,0.91,1.47,2.58,2.47,5.36,94.05,0,0.91,13,partial
79,9,0.39,4.56,1.3,0.36,2.65,2.52,102.3,93.32,0,0.91,13,partial
79,10,0.7,4.1,0.66,1.12,3.01,2.55,70.72,92.43,0,0.91,13,partial
79,11,1.81,4.88,1.97,0.47,3.3,2.88,180.1,91.35,0,0.91,13,partial
79,12,1.17,4.3,0.49,1.8,3.38,3.2,266.61,91.04,0,0.91,13,partial
80,0,1.16,4.89,1.43,1.02,0.19,0.45,227.01,98.93,0,0.84,36,partial
80,1,0.4,3.4,0.57,0.48,0.66,0.67,131.31,98.15,0,0.84,36,partial
80,2,0.44,4.79,0.55,0.91,0.82,0.95,112.37,97.81,0,0.84,36,partial
80,3,0.41,4.93,0.98,0.46,0.94,1.33,355.86,97.16,0,0.84,36,partial
80,4,1.26,4.21,0.2,0.74,1.12,1.45,243.98,96.18,0,0.84,36,partial
80,5,1.72,4.97,0.91,1.24,1.52,1.53,177.53,95.51,0,0.84,36,partial
80,6,1.25,4.96,0.17,0.7,1.81,1.92,49.15,94.44,0,0.84,36,partial
80,7,0.44,3.89,0.78,1.31,1.98,2.35,176.7,93.63,0,0.84,36,partial
80,8,0.59,4.65,1.95,0.11,2.05,2.84,178.05,92.44,0,0.84,36,partial
80,9,1.86,4.87,0.97,1.1,2.09,3.18,90.39,91.39,0,0.84,36,partial
80,10,1.61,4.73,1.72,1.44,2.43,3.38,319.58,90.79,0,0.84,36,partial
80,11,0.32,4.94,1.02,1.81,2.72,3.87,262.89,90.42,0,0.84,36,partial
80,12,1.75,4.01,1.46,1.1,3.07,4.22,246.53,90.08,0,0.84,36,partial
80,13,0.73,4.87,1.66,1.73,3.36,4.38,178.82,89.62,0,0.84,36,partial
80,14,0.69,4.54,1.8,1.15,3.65,4.64,157.16,88.48,0,0.84,36,partial
80,15,1.38,3.95,0.14,0.68,3.7,4.78,338.61,88.18,0,0.84,36,partial
80,16,0.48,2.7,1.55,0.19,3.98,5.25,217.77,87.0,0,0.84,36,partial
80,17,0.59,4.95,1.16,0.49,4.2,5.38,320.89,86.38,0,0.84,36,partial
80,18,1.05,4.93,0.75,1.65,4.62,5.7,316.04,85.73,0,0.84,36,partial
80,19,0.41,4.71,1.77,0.13,4.67,6.16,319.38,85.04,0,0.84,36,partial
80,20,1.04,4.56,0.47,1.72,5.07,6.48,51.45,84.74,0,0.84,36,partial
80,21,0.33,4.77,1.8,1.0,5.2,6.91,125.19,83.91,0,0.84,36,partial
80,22,1.19,4.85,1.1,0.58,5.6,6.93,359.9,82.95,0,0.84,36,partial
80,23,0.46,4.89,0.79,0.21,5.86,6.98,38.69,81.77,0,0.84,36,partial
80,24,1.49,4.6,1.62,1.54,6.26,7.0,260.34,80.58,0,0.84,36,partial
80,25,0.8,4.84,0.77,0.81,6.64,7.26,60.13,79.56,0,0.84,36,partial
80,26,0.46,3.46,1.43,0.2,7.13,7.67,240.82,78.94,0,0.84,36,partial
80,27,0.32,4.5,1.86,1.61,7.36,7.69,189.64,78.51,0,0.84,36,partial
80,28,0.41,4.58,1.32,0.78,7.84,8.1,133.67,77.32,0,0.84,36,partial
80,29,0.52,4.92,0.14,0.41,8.21,8.47,183.32,76.42,0,0.84,36,partial
80,30,1.36,4.68,0.12,1.16,8.65,8.69,110.38,75.93,0,0.84,36,partial
80,31,0.33,4.71,1.28,0.77,8.98,9.08,40.17,75.07,0,0.84,36,partial
80,32,0.64,4.52,0.76,1.51,9.06,9.37,226.07,74.43,0,0.84,36,partial
80,33,0.92,4.12,0.62,1.38,9.28,9.82,349.05,73.68,0,0.84,36,partial
80,34,0.53,3.7,0.95,0.97,9.46,9.97,293.38,73.23,0,0.84,36,partial
80,35,0.6,4.28,1.53,0.43,9.83,10.07,79.16,72.6,0,0.84,36,partial
81,0,1.7,4.89,0.95,0.38,0.07,0.22,63.5,99.09,0,0.35,49,success
81,1,1.74,4.59,1.95,0.75,0.44,0.53,358.68,98.28,0,0.35,49,success
81,2,0.43,3.18,0.93,1.95,0.8,0.63,52.52,97.53,0,0.35,49,success
81,3,0.69,4.96,1.86,1.01,0.97,1.02,194.42,96.56,0,0.35,49,success
81,4,0.76,3.43,1.3,0.89,1.28,1.2,221.17,95.79,0,0.35,49,success
81,5,0.38,4.9,1.45,1.94,1.35,1.38,143.32,95.12,0,0.35,49,success
81,6,0.46,4.98,0.53,0.82,1.7,1.67,147.33,94.72,0,0.35,49,success
81,7,0.78,3.61,1.66,0.64,1.73,2.01,73.11,94.09,0,0.35,49,success
81,8,0.84,4.78,1.11,0.14,2.08,2.25,231.46,93.19,0,0.35,49,success
81,9,0.62,4.9,1.73,1.62,2.37,2.36,160.4,92.56,0,0.35,49,success
81,10,0.68,4.95,1.16,0.59,2.86,2.55,142.95,91.42,0,0.35,49,success
81,11,0.73,4.97,1.55,1.86,3.23,3.02,64.71,90.31,0,0.35,49,success
81,12,0.51,4.94,1.22,0.96,3.25,3.23,95.34,89.75,0,0.35,49,success
81,13,1.46,4.6,1.93,0.47,3.46,3.67,118.87,88.85,0,0.35,49,success
81,14,0.66,3.75,1.95,0.24,3.92,3.83,126.11,87.77,0,0.35,49,success
81,15,0.8,3.54,0.35,1.39,4.15,3.99,101.45,86.73,0,0.35,49,success
81,16,0.66,4.94,0.4,1.77,4.28,4.34,281.95,85.55,0,0.35,49,success
81,17,0.79,4.66,1.85,1.32,4.77,4.67,306.87,84.94,0,0.35,49,success
81,18,0.31,4.6,0.69,0.24,5.05,4.79,91.22,84.5,0,0.35,49,success
81,19,0.69,4.95,0.93,1.84,5.47,4.84,249.65,83.57,0,0.35,49,success
81,20,1.27,4.97,0.47,0.98,5.51,5.26,191.45,83.26,0,0.35,49,success
81,21,1.06,4.46,1.19,0.14,5.64,5.37,108.23,82.15,0,0.35,49,success
81,22,0.65,4.46,1.36,0.19,5.86,5.42,315.01,81.13,0,0.35,49,success
81,23,1.26,4.38,0.67,0.19,6.13,5.53,226.71,80.08,0,0.35,49,success
81,24,0.36,4.32,0.72,0.28,6.22,5.93,72.2,79.3,0,0.35,49,success
81,25,0.4,3.6,0.91,1.2,6.33,6.16,178.17,78.19,0,0.35,49,success
81,26,0.64,4.85,0.62,1.51,6.77,6.26,199.41,77.38,0,0.35,49,success
81,27,1.23,3.28,1.71,0.63,6.79,6.38,266.46,76.5,0,0.35,49,success
81,28,0.39,4.45,1.42,1.68,6.93,6.47,308.06,75.44,0,0.35,49,success
81,29,0.4,4.79,1.26,1.03,7.23,6.54,171.42,74.76,0,0.35,49,success
81,30,0.46,4.75,1.87,1.47,7.24,6.66,163.45,73.71,0,0.35,49,success
81,31,1.18,4.11,0.94,1.72,7.52,6.95,80.77,73.0,0,0.35,49,success
81,32,1.4,4.39,1.37,0.8,7.9,7.16,233.25,72.21,0,0.35,49,success
81,33,0.49,4.35,0.31,1.46,8.08,7.23,241.07,71.18,0,0.35,49,success
81,34,0.43,4.26,1.7,1.48,8.24,7.37,126.41,70.22,0,0.35,49,success
81,35,0.32,4.76,0.77,1.77,8.3,7.45,134.19,69.44,0,0.35,49,success
81,36,0.52,4.29,0.94,0.19,8.58,7.9,330.2,68.96,0,0.35,49,success
81,37,0.45,4.75,0.79,1.06,9.07,8.06,292.29,68.29,0,0.35,49,success
81,38,0.62,4.17,1.74,1.56,9.15,8.21,169.14,67.45,0,0.35,49,success
81,39,1.08,4.56,0.87,0.23,9.47,8.35,19.52,66.54,0,0.35,49,success
81,40,1.07,4.49,1.29,1.87,9.93,8.46,44.8,65.72,0,0.35,49,success
81,41,0.36,4.86,1.56,1.57,10.38,8.91,292.91,64.97,0,0.35,49,success
81,42,1.26,4.72,1.34,1.75,10.72,8.95,222.49,64.13,0,0.35,49,success
81,43,0.51,4.49,0.66,1.28,10.93,9.36,162.01,63.02,0,0.35,49,success
81,44,0.93,4.04,0.86,0.76,11.3,9.5,27.85,62.01,0,0.35,49,success
81,45,0.38,4.71,0.62,1.27,11.68,9.84,133.7,60.99,0,0.35,49,success
81,46,1.27,4.83,1.18,0.62,11.88,10.24,350.2,60.56,0,0.35,49,success
81,47,0.45,4.43,1.93,1.27,12.23,10.65,235.49,60.0,0,0.35,49,success
81,48,0.71,4.88,1.46,0.39,12.73,10.77,46.07,59.25,0,0.35,49,success
82,0,0.63,4.75,1.82,0.48,0.3,0.31,282.35,99.29,0,0.5,45,collision
82,1,1.12,4.17,1.68,0.41,0.32,0.56,45.15,98.44,0,0.5,45,collision
82,2,0.88,4.86,0.22,1.24,0.69,0.79,166.64,97.27,0,0.5,45,collision
82,3,0.5,4.91,0.19,0.69,0.7,1.22,173.38,96.78,0,0.5,45,collision
82,4,2.28,4.97,1.96,1.09,1.11,1.38,143.55,96.22,0,0.5,45,collision
82,5,0.49,4.45,1.87,0.89,1.56,1.75,263.52,95.29,0,0.5,45,collision
82,6,0.56,3.64,1.99,0.3,1.59,2.13,342.4,94.88,0,0.5,45,collision
82,7,0.57,4.46,1.27,0.31,1.97,2.36,266.79,94.02,0,0.5,45,collision
82,8,1.56,4.8,0.83,1.0,2.05,2.7,215.34,93.02,0,0.5,45,collision
82,9,1.52,4.94,1.27,0.4,2.06,2.94,192.97,92.58,0,0.5,45,collision
82,10,0.42,4.89,1.89,0.69,2.56,3.32,89.34,91.99,0,0.5,45,collision
82,11,0.76,4.89,0.41,0.88,2.64,3.69,254.49,90.88,0,0.5,45,collision
82,12,0.42,4.34,1.57,1.58,2.68,3.86,319.64,89.93,0,0.5,45,collision
82,13,1.3,4.75,1.84,0.71,2.95,4.23,310.75,89.48,0,0.5,45,collision
82,14,0.69,4.26,1.62,0.91,3.0,4.26,282.56,88.83,1,0.5,45,collision
82,15,1.17,3.7,1.29,0.67,3.29,4.75,25.07,88.14,0,0.5,45,collision
82,16,0.82,3.46,0.7,0.73,3.67,5.13,40.72,86.96,0,0.5,45,collision
82,17,0.68,4.28,1.89,0.18,3.77,5.38,185.49,86.06,0,0.5,45,collision
82,18,2.16,4.11,0.42,1.98,4.13,5.39,306.64,85.26,0,0.5,45,collision
82,19,1.16,3.24,1.23,1.66,4.29,5.86,266.62,84.6,0,0.5,45,collision
82,20,1.01,4.51,0.8,0.4,4.38,5.98,229.02,84.13,0,0.5,45,collision
82,21,0.53,4.58,0.1,1.39,4.67,6.43,314.81,83.01,0,0.5,45,collision
82,22,0.87,4.17,1.79,1.46,4.89,6.88,256.37,82.23,0,0.5,45,collision
82,23,1.24,4.1,1.15,1.4,5.24,7.27,71.17,81.15,0,0.5,45,collision
82,24,0.46,4.74,0.13,0.26,5.44,7.69,90.43,80.1,1,0.5,45,collision
82,25,0.87,4.73,1.23,1.57,5.61,7.83,18.19,78.92,0,0.5,45,collision
82,26,1.04,4.49,1.24,1.64,6.11,8.03,41.08,78.15,1,0.5,45,collision
82,27,1.06,4.44,1.9,1.03,6.18,8.05,165.26,77.01,0,0.5,45,collision
82,28,0.71,4.81,0.25,0.25,6.29,8.05,358.3,75.98,1,0.5,45,collision
82,29,0.5,3.9,1.36,0.89,6.4,8.11,284.65,75.48,0,0.5,45,collision
82,30,0.9,4.73,1.43,1.2,6.88,8.56,150.15,74.38,0,0.5,45,collision
82,31,0.31,4.83,0.85,0.94,7.21,8.87,14.76,73.62,0,0.5,45,collision
82,32,1.39,4.8,0.56,1.12,7.63,9.35,149.89,72.47,0,0.5,45,collision
82,33,1.48,4.7,0.21,1.94,7.8,9.57,19.26,71.47,1,0.5,45,collision
82,34,0.35,3.8,0.87,0.85,7.96,9.84,326.53,71.06,0,0.5,45,collision
82,35,1.06,4.84,0.41,1.83,7.99,10.23,227.34,70.6,0,0.5,45,collision
82,36,0.79,4.35,0.65,0.53,8.39,10.68,319.02,70.16,0,0.5,45,collision
82,37,1.22,4.19,0.8,0.19,8.87,11.02,84.25,69.22,0,0.5,45,collision
82,38,0.54,4.64,0.47,1.08,9.03,11.2,16.24,68.5,0,0.5,45,collision
82,39,0.31,4.44,1.66,1.48,9.05,11.36,174.83,68.01,0,0.5,45,collision
82,40,0.53,3.62,1.9,1.34,9.22,11.69,194.93,67.15,0,0.5,45,collision
82,41,0.58,3.72,0.75,0.34,9.34,11.92,192.63,66.28,0,0.5,45,collision
82,42,0.79,4.25,1.53,1.78,9.41,12.33,148.5,65.11,0,0.5,45,collision
82,43,0.71,4.65,1.16,0.36,9.77,12.81,28.79,64.25,0,0.5,45,collision
82,44,1.43,4.86,0.81,1.51,9.9,13.22,111.13,63.29,0,0.5,45,collision
83,0,1.12,5.0,1.62,0.45,0.0,0.13,355.55,99.52,0,0.97,42,timeout
83,1,0.4,3.64,1.68,1.4,0.33,0.34,126.18,99.07,0,0.97,42,timeout
83,2,0.79,4.77,0.12,0.6,0.34,0.53,117.69,97.95,0,0.97,42,timeout
83,3,1.23,4.9,1.45,1.16,0.37,0.55,140.1,96.91,0,0.97,42,timeout
83,4,0.72,4.97,0.56,0.53,0.47,0.61,319.9,96.04,0,0.97,42,timeout
83,5,0.4,4.07,0.78,1.75,0.56,0.74,124.09,95.14,0,0.97,42,timeout
83,6,0.5,4.41,0.77,0.73,0.79,0.95,279.07,94.27,0,0.97,42,timeout
83,7,0.3,4.14,1.16,0.62,0.91,1.37,177.35,93.86,0,0.97,42,timeout
83,8,0.3,4.89,0.16,1.86,1.14,1.8,71.31,93.26,0,0.97,42,timeout
83,9,0.34,4.85,0.86,1.53,1.34,2.12,299.43,92.84,0,0.97,42,timeout
83,10,0.59,4.08,0.81,0.22,1.45,2.17,286.75,92.04,0,0.97,42,timeout
83,11,1.7,4.62,0.19,1.78,1.68,2.66,259.12,91.14,1,0.97,42,timeout
83,12,0.73,4.97,0.14,1.93,1.75,3.07,71.64,90.53,0,0.97,42,timeout
83,13,1.54,4.5,0.96,0.82,1.91,3.39,335.13,90.11,0,0.97,42,timeout
83,14,0.43,3.6,0.95,1.39,1.98,3.66,3.54,89.65,0,0.97,42,timeout
83,15,0.49,4.83,1.52,0.68,2.23,3.96,27.97,89.32,0,0.97,42,timeout
83,16,0.47,4.88,0.27,1.55,2.56,4.01,91.71,88.39,0,0.97,42,timeout
83,17,0.57,4.0,0.19,1.25,2.88,4.06,285.96,87.25,0,0.97,42,timeout
83,18,0.53,4.11,1.43,0.14,3.15,4.14,38.99,86.83,0,0.97,42,timeout
83,19,0.73,4.1,1.17,1.54,3.36,4.34,201.7,86.16,0,0.97,42,timeout
83,20,0.4,4.98,1.03,1.5,3.75,4.8,234.09,85.08,0,0.97,42,timeout
83,21,0.48,4.26,0.39,0.37,4.01,5.19,91.11,84.5,0,0.97,42,timeout
83,22,1.27,4.54,0.83,0.53,4.45,5.58,163.08,83.44,0,0.97,42,timeout
83,23,1.41,3.85,0.27,0.7,4.57,5.99,258.61,82.97,0,0.97,42,timeout
83,24,0.39,4.85,0.89,0.11,5.06,6.04,61.21,82.43,0,0.97,42,timeout
83,25,0.41,3.92,0.4,1.26,5.08,6.52,238.28,81.47,0,0.97,42,timeout
83,26,0.76,4.99,1.22,1.48,5.52,6.83,9.81,80.89,0,0.97,42,timeout
83,27,0.44,4.03,0.79,0.61,5.78,7.05,340.17,80.11,1,0.97,42,timeout
83,28,0.33,2.98,1.53,1.45,6.24,7.3,113.72,79.25,0,0.97,42,timeout
83,29,0.31,4.34,0.45,0.13,6.51,7.46,101.66,78.42,0,0.97,42,timeout
83,30,0.46,4.6,1.07,0.34,6.81,7.5,314.55,77.78,0,0.97,42,timeout
83,31,0.59,4.4,1.83,0.85,7.04,7.57,271.79,76.68,0,0.97,42,timeout
83,32,0.56,4.57,0.31,1.01,7.33,7.6,266.36,75.68,0,0.97,42,timeout
83,33,0.38,4.89,0.82,0.25,7.71,7.86,238.34,74.57,0,0.97,42,timeout
83,34,0.79,4.78,0.48,0.57,7.98,7.95,170.46,74.26,0,0.97,42,timeout
83,35,0.35,4.9,0.13,0.34,8.4,8.2,128.22,73.56,0,0.97,42,timeout
83,36,1.27,4.19,0.87,1.79,8.75,8.61,20.7,73.07,0,0.97,42,timeout
83,37,0.5,2.94,1.22,1.26,9.0,8.82,0.18,72.7,0,0.97,42,timeout
83,38,0.75,3.95,1.96,1.95,9.41,9.25,84.66,72.11,1,0.97,42,timeout
83,39,1.29,4.52,1.58,1.17,9.75,9.65,292.8,71.42,1,0.97,42,timeout
83,40,0.37,4.51,0.83,1.7,10.2,9.79,93.72,71.09,0,0.97,42,timeout
83,41,0.44,3.23,1.48,1.74,10.34,9.81,16.19,70.76,0,0.97,42,timeout
84,0,0.93,4.93,1.19,1.26,0.33,0.37,35.15,99.5,0,0.56,44,success
84,1,2.41,4.46,1.37,0.56,0.79,0.73,301.25,98.45,0,0.56,44,success
84,2,1.32,4.86,1.51,1.28,1.2,0.76,241.79,98.07,0,0.56,44,success
84,3,0.45,3.31,0.39,1.69,1.31,0.82,320.57,97.67,0,0.56,44,success
84,4,1.28,4.23,0.13,0.63,1.75,1.28,331.0,97.15,0,0.56,44,success
84,5,0.8,4.96,0.32,0.11,1.95,1.64,196.96,96.53,0,0.56,44,success
84,6,0.88,4.65,0.55,1.13,2.07,2.12,239.01,95.71,0,0.56,44,success
84,7,1.7,4.98,0.55,1.95,2.25,2.36,283.72,95.19,0,0.56,44,success
84,8,0.68,4.62,0.9,1.62,2.49,2.77,123.56,94.16,0,0.56,44,success
84,9,0.52,4.74,0.91,0.94,2.78,3.08,232.2,93.77,0,0.56,44,success
84,10,0.61,4.91,1.53,1.07,3.27,3.41,20.69,92.75,0,0.56,44,success
84,11,1.4,4.91,1.59,0.78,3.61,3.57,220.48,92.33,0,0.56,44,success
84,12,2.4,4.57,1.15,0.17,3.85,3.65,102.15,91.97,0,0.56,44,success
84,13,0.79,4.72,1.07,1.73,4.1,3.67,234.77,91.56,0,0.56,44,success
84,14,0.32,3.2,1.13,1.03,4.51,3.82,39.25,90.43,0,0.56,44,success
84,15,0.62,3.76,1.46,1.32,4.76,4.13,23.89,89.8,0,0.56,44,success
84,16,0.46,4.8,1.74,1.78,5.06,4.32,160.97,89.05,0,0.56,44,success
84,17,0.45,4.72,0.77,0.43,5.48,4.76,304.42,88.34,0,0.56,44,success
84,18,0.62,4.63,1.54,1.18,5.63,4.76,163.85,87.31,0,0.56,44,success
84,19,0.49,4.48,1.52,1.2,5.82,4.82,12.55,86.84,0,0.56,44,success
84,20,0.45,4.94,1.33,1.57,6.15,5.14,299.87,86.4,0,0.56,44,success
84,21,0.41,4.86,1.43,0.12,6.15,5.31,127.55,85.49,0,0.56,44,success
84,22,0.63,4.79,1.27,1.79,6.4,5.41,190.59,84.47,0,0.56,44,success
84,23,0.49,3.96,0.96,0.55,6.81,5.7,108.69,83.81,0,0.56,44,success
84,24,0.33,4.33,1.05,0.41,7.11,6.03,252.24,82.67,0,0.56,44,success
84,25,0.52,4.96,1.92,1.8,7.14,6.04,78.86,82.32,0,0.56,44,success
84,26,0.92,5.0,0.91,0.67,7.62,6.05,173.19,81.49,0,0.56,44,success
84,27,0.63,4.91,0.78,0.85,8.05,6.12,13.42,80.91,0,0.56,44,success
84,28,0.32,4.3,0.2,1.4,8.14,6.41,106.49,80.18,0,0.56,44,success
84,29,0.53,3.66,0.29,1.54,8.52,6.53,262.03,79.69,0,0.56,44,success
84,30,0.41,4.97,1.41,0.98,8.84,6.84,131.19,79.04,0,0.56,44,success
84,31,0.4,4.12,1.15,0.52,9.02,7.08,296.33,78.44,0,0.56,44,success
84,32,1.6,4.72,0.89,1.56,9.39,7.49,76.21,77.46,0,0.56,44,success
84,33,0.32,4.8,0.14,1.29,9.85,7.6,351.8,76.4,0,0.56,44,success
84,34,0.64,4.4,0.47,0.99,9.94,7.75,296.55,75.29,0,0.56,44,success
84,35,0.3,4.77,1.49,1.34,10.32,7.91,120.33,74.27,0,0.56,44,success
84,36,0.79,4.91,1.39,1.62,10.65,8.05,130.48,73.57,0,0.56,44,success
84,37,0.58,4.57,1.93,1.53,11.09,8.55,37.75,72.83,0,0.56,44,success
84,38,0.52,4.42,0.95,1.66,11.55,8.94,294.96,72.37,0,0.56,44,success
84,39,0.68,4.51,1.33,1.75,12.03,9.33,134.53,71.44,0,0.56,44,success
84,40,1.12,3.98,0.88,1.79,12.29,9.46,283.72,70.38,0,0.56,44,success
84,41,1.04,4.91,0.53,1.47,12.43,9.52,306.98,69.8,0,0.56,44,success
84,42,0.75,4.66,1.85,1.3,12.5,9.92,2.26,68.66,0,0.56,44,success
84,43,0.43,4.67,0.64,1.33,12.57,10.27,131.17,68.22,0,0.56,44,success
85,0,0.89,4.54,0.3,1.52,0.46,0.29,104.5,99.67,0,0.45,22,success
85,1,0.35,4.18,0.49,0.21,0.9,0.37,318.46,98.91,0,0.45,22,success
85,2,1.51,5.0,1.71,0.27,1.14,0.75,97.05,97.89,0,0.45,22,success
85,3,0.46,4.78,1.3,1.82,1.54,0.77,33.27,96.89,0,0.45,22,success
85,4,0.47,4.83,1.28,1.01,1.94,1.2,341.56,96.17,0,0.45,22,success
85,5,1.72,4.72,0.17,0.34,1.94,1.52,149.37,95.49,0,0.45,22,success
85,6,0.84,4.72,1.84,1.05,2.14,1.9,12.94,95.18,0,0.45,22,success
85,7,2.72,4.72,1.89,0.11,2.23,2.15,12.26,94.35,0,0.45,22,success
85,8,0.93,4.01,1.06,1.13,2.6,2.62,251.49,93.78,0,0.45,22,success
85,9,0.7,4.75,1.04,1.99,3.06,2.78,74.39,92.72,0,0.45,22,success
85,10,0.9,4.4,1.53,0.65,3.19,3.05,280.5,92.13,0,0.45,22,success
85,11,1.25,3.94,0.93,0.77,3.42,3.22,197.5,91.09,0,0.45,22,success
85,12,0.4,4.85,0.5,0.5,3.75,3.3,222.83,90.16,0,0.45,22,success
85,13,0.43,2.66,1.67,0.62,3.89,3.43,296.22,89.19,0,0.45,22,success
85,14,1.06,4.44,0.69,0.54,4.23,3.81,275.96,88.05,0,0.45,22,success
85,15,1.2,3.39,0.65,1.67,4.63,4.15,180.16,87.0,0,0.45,22,success
85,16,1.09,4.52,1.49,1.18,4.79,4.39,31.43,86.67,0,0.45,22,success
85,17,0.66,4.45,1.56,1.15,4.86,4.72,172.95,86.03,0,0.45,22,success
85,18,0.92,4.99,1.51,0.73,5.32,4.92,86.9,84.87,0,0.45,22,success
85,19,1.16,3.71,1.92,0.55,5.7,5.0,28.5,84.41,0,0.45,22,success
85,20,0.33,4.69,1.69,0.16,5.9,5.34,69.16,83.63,0,0.45,22,success
85,21,0.89,4.82,0.41,0.58,6.16,5.81,331.79,82.99,0,0.45,22,success
86,0,0.46,4.5,1.48,0.96,0.03,0.1,109.06,99.51,0,0.76,14,success
86,1,0.39,4.85,1.34,1.11,0.06,0.51,161.75,98.69,0,0.76,14,success
86,2,0.95,3.87,0.71,0.51,0.1,0.74,31.58,98.31,0,0.76,14,success
86,3,1.13,4.55,0.74,1.83,0.58,1.07,103.58,97.8,0,0.76,14,success
86,4,0.8,4.64,1.98,0.24,0.8,1.31,193.73,97.23,0,0.76,14,success
86,5,0.78,4.83,1.56,0.5,1.07,1.61,78.14,96.11,0,0.76,14,success
86,6,0.95,4.63,1.61,1.02,1.21,1.78,3.41,95.45,0,0.76,14,success
86,7,0.52,4.38,0.16,0.56,1.32,1.98,55.13,94.91,0,0.76,14,success
86,8,0.43,4.85,0.15,1.58,1.32,2.09,264.15,94.1,0,0.76,14,success
86,9,0.42,4.06,0.35,1.15,1.52,2.14,103.61,93.23,0,0.76,14,success
86,10,0.51,4.11,1.79,0.18,1.77,2.57,176.3,92.57,0,0.76,14,success
86,11,0.61,4.64,1.86,0.22,1.86,2.68,207.54,92.14,0,0.76,14,success
86,12,0.62,3.61,0.34,1.3,1.97,2.75,15.75,91.08,0,0.76,14,success
86,13,0.69,4.68,1.95,0.28,2.19,3.05,327.99,90.02,0,0.76,14,success
87,0,0.39,5.0,0.87,1.23,0.33,0.38,218.32,99.06,0,0.11,19,success
87,1,0.3,4.69,1.53,1.09,0.33,0.65,158.53,98.1,0,0.11,19,success
87,2,1.84,4.9,0.22,1.44,0.8,0.95,248.54,97.67,0,0.11,19,success
87,3,0.37,4.64,0.56,1.81,1.21,1.29,154.3,96.69,0,0.11,19,success
87,4,0.6,4.28,1.51,1.19,1.58,1.4,197.38,95.75,0,0.11,19,success
87,5,0.31,4.71,1.43,0.34,1.61,1.86,209.79,95.19,0,0.11,19,success
87,6,0.43,4.2,0.65,1.48,1.65,2.16,64.44,94.58,0,0.11,19,success
87,7,1.26,4.42,0.13,0.68,1.77,2.59,172.9,93.83,0,0.11,19,success
87,8,0.3,4.47,1.27,1.88,2.19,2.99,27.08,93.35,0,0.11,19,success
87,9,0.34,4.15,1.58,1.95,2.3,3.46,319.5,92.87,0,0.11,19,success
87,10,0.37,4.89,1.97,0.54,2.7,3.86,74.83,91.94,0,0.11,19,success
87,11,0.47,4.39,1.91,0.62,2.7,3.97,22.8,90.94,0,0.11,19,success
87,12,2.46,4.82,0.22,0.2,2.75,4.18,307.56,89.9,0,0.11,19,success
87,13,0.56,4.47,0.82,1.3,2.78,4.65,116.71,89.15,0,0.11,19,success
87,14,0.32,3.75,0.3,1.68,3.06,4.92,150.79,88.69,0,0.11,19,success
87,15,0.88,4.63,0.46,0.3,3.48,5.3,157.42,88.01,0,0.11,19,success
87,16,0.51,4.69,0.95,0.99,3.97,5.76,248.05,86.94,0,0.11,19,success
87,17,0.94,4.17,0.64,0.36,4.38,5.83,304.86,86.21,0,0.11,19,success
87,18,0.37,4.78,0.61,1.89,4.42,6.08,17.03,85.23,0,0.11,19,success
88,0,1.34,4.84,1.17,1.64,0.09,0.36,242.04,99.16,1,0.7,31,collision
88,1,0.4,4.11,1.56,0.55,0.48,0.62,259.27,98.61,0,0.7,31,collision
88,2,0.31,4.04,1.03,1.0,0.79,0.99,189.42,97.85,0,0.7,31,collision
88,3,0.62,4.87,0.17,0.88,0.9,1.32,357.95,96.94,0,0.7,31,collision
88,4,0.43,4.95,1.28,1.63,0.98,1.34,324.63,96.24,1,0.7,31,collision
88,5,1.67,4.98,1.92,1.67,1.42,1.53,346.4,95.32,0,0.7,31,collision
88,6,0.86,4.69,1.07,1.83,1.71,1.69,330.18,94.24,0,0.7,31,collision
88,7,1.85,4.61,0.97,0.52,2.05,1.74,201.81,93.57,0,0.7,31,collision
88,8,0.36,4.72,0.87,1.4,2.35,1.77,224.24,93.05,0,0.7,31,collision
88,9,0.36,4.1,1.99,1.48,2.66,2.01,88.53,92.41,0,0.7,31,collision
88,10,0.43,4.47,0.94,0.37,2.8,2.37,278.83,92.05,0,0.7,31,collision
88,11,0.55,4.89,1.82,1.96,3.02,2.67,192.05,91.03,0,0.7,31,collision
88,12,0.32,4.24,0.9,0.92,3.21,2.93,61.08,90.51,0,0.7,31,collision
88,13,0.73,4.9,1.2,1.26,3.5,3.31,324.93,90.08,0,0.7,31,collision
88,14,0.69,4.62,1.14,1.01,3.84,3.45,57.62,89.22,0,0.7,31,collision
88,15,0.33,4.93,0.71,1.59,4.22,3.66,43.69,88.07,0,0.7,31,collision
88,16,0.9,4.62,0.17,0.26,4.33,3.91,156.9,86.95,0,0.7,31,collision
88,17,0.52,4.76,0.74,0.18,4.78,4.24,284.73,85.97,0,0.7,31,collision
88,18,0.4,4.48,0.41,0.79,5.17,4.42,197.01,85.11,0,0.7,31,collision
88,19,1.39,4.84,0.98,1.44,5.21,4.54,157.28,84.26,0,0.7,31,collision
88,20,0.97,4.94,1.39,1.06,5.43,4.7,148.75,83.28,0,0.7,31,collision
88,21,0.38,2.75,1.87,0.14,5.53,5.1,170.88,82.85,0,0.7,31,collision
88,22,0.49,4.46,0.62,1.5,5.59,5.13,33.75,82.08,0,0.7,31,collision
88,23,1.98,4.79,0.46,1.41,5.72,5.61,148.23,81.45,0,0.7,31,collision
88,24,0.61,4.94,0.59,0.39,5.81,5.98,252.04,80.51,0,0.7,31,collision
88,25,0.81,4.88,0.16,1.54,6.02,6.07,216.3,80.06,1,0.7,31,collision
88,26,1.54,4.56,0.57,0.33,6.48,6.29,29.58,79.29,1,0.7,31,collision
88,27,0.77,4.66,1.27,0.37,6.81,6.77,356.23,78.83,0,0.7,31,collision
88,28,0.62,4.84,1.89,0.55,7.16,7.18,243.52,77.73,0,0.7,31,collision
88,29,0.55,3.51,1.58,1.71,7.5,7.37,57.12,77.41,0,0.7,31,collision
88,30,0.92,4.27,0.53,1.1,7.79,7.85,283.59,76.87,0,0.7,31,collision
89,0,0.95,3.63,1.23,0.1,0.04,0.13,150.28,99.0,0,0.53,27,success
89,1,0.55,4.82,1.17,1.17,0.05,0.5,163.57,97.87,0,0.53,27,success
89,2,0.62,4.75,0.66,1.41,0.19,0.85,88.5,97.09,0,0.53,27,success
89,3,0.34,4.11,1.41,1.23,0.42,1.17,96.71,96.75,0,0.53,27,success
89,4,0.87,4.17,0.9,1.79,0.57,1.28,265.33,96.16,0,0.53,27,success
89,5,0.52,3.96,1.24,1.13,0.62,1.74,195.57,95.64,0,0.53,27,success
89,6,1.45,4.98,0.56,1.61,0.97,2.05,349.08,94.78,0,0.53,27,success
89,7,0.54,3.75,0.4,0.98,1.11,2.4,176.62,93.89,0,0.53,27,success
89,8,0.45,4.41,0.6,1.38,1.21,2.59,197.41,93.07,0,0.53,27,success
89,9,0.45,4.9,0.42,0.38,1.58,2.95,49.35,92.45,0,0.53,27,success
89,10,1.96,4.63,0.98,0.66,1.94,2.98,76.44,91.64,0,0.53,27,success
89,11,0.67,4.82,0.62,0.5,2.13,3.13,90.97,90.66,0,0.53,27,success
89,12,0.5,4.77,0.29,1.64,2.43,3.45,117.83,89.61,0,0.53,27,success
89,13,0.45,4.42,0.79,1.23,2.69,3.74,10.69,88.5,0,0.53,27,success
89,14,1.01,4.27,1.64,0.2,2.85,3.93,109.6,88.01,0,0.53,27,success
89,15,2.76,4.96,1.49,0.91,3.23,4.39,104.15,87.61,0,0.53,27,success
89,16,1.44,4.6,1.96,1.42,3.63,4.46,18.66,86.72,0,0.53,27,success
89,17,0.91,4.93,0.45,0.62,3.74,4.78,95.51,86.4,0,0.53,27,success
89,18,0.4,4.74,1.41,1.61,3.99,4.93,239.07,85.23,0,0.53,27,success
89,19,0.79,4.48,0.85,1.17,4.05,5.2,5.89,84.28,0,0.53,27,success
89,20,0.7,3.33,1.6,0.99,4.32,5.6,307.72,83.28,0,0.53,27,success
89,21,0.48,4.5,0.23,1.18,4.46,5.87,64.18,82.14,0,0.53,27,success
89,22,1.2,4.63,1.16,1.75,4.59,6.18,318.48,80.96,0,0.53,27,success
89,23,0.68,4.55,1.26,0.46,5.04,6.29,72.72,79.82,0,0.53,27,success
89,24,0.69,4.86,0.21,0.43,5.07,6.42,225.56,78.92,0,0.53,27,success
89,25,0.67,4.2,1.91,0.73,5.32,6.57,176.83,77.82,0,0.53,27,success
89,26,0.99,4.54,0.69,0.31,5.44,6.69,140.69,77.14,0,0.53,27,success
90,0,1.4,4.08,0.66,1.41,0.34,0.15,135.85,98.85,0,0.61,30,timeout
90,1,1.14,4.64,0.15,1.49,0.63,0.44,213.71,98.51,0,0.61,30,timeout
90,2,0.35,4.87,1.89,0.15,1.12,0.62,127.54,97.84,0,0.61,30,timeout
90,3,1.95,4.84,0.96,0.35,1.16,0.88,356.4,97.08,0,0.61,30,timeout
90,4,0.47,4.61,0.69,0.26,1.54,1.05,318.31,95.98,0,0.61,30,timeout
90,5,0.62,4.92,0.43,0.76,2.03,1.05,21.74,94.97,0,0.61,30,timeout
90,6,1.17,5.0,1.35,1.64,2.04,1.41,215.85,94.18,0,0.61,30,timeout
90,7,0.48,2.12,0.94,1.2,2.41,1.42,324.51,93.27,0,0.61,30,timeout
90,8,0.64,4.37,1.86,1.44,2.83,1.74,163.47,92.55,0,0.61,30,timeout
90,9,0.72,4.15,0.81,1.56,3.26,1.81,70.81,92.07,0,0.61,30,timeout
90,10,0.33,4.78,0.51,1.64,3.61,2.31,2.46,91.69,0,0.61,30,timeout
90,11,0.67,3.33,1.02,1.25,3.94,2.55,17.96,91.09,0,0.61,30,timeout
90,12,0.78,3.42,0.48,0.46,4.14,2.79,148.45,90.68,0,0.61,30,timeout
90,13,0.47,4.63,1.32,0.98,4.59,2.9,109.89,89.68,0,0.61,30,timeout
90,14,0.71,3.28,1.67,1.45,5.07,3.28,171.11,88.84,0,0.61,30,timeout
90,15,0.75,4.36,1.36,1.17,5.43,3.66,330.26,87.7,0,0.61,30,timeout
90,16,1.76,4.58,0.74,0.68,5.92,4.06,321.11,86.91,0,0.61,30,timeout
90,17,0.3,3.84,1.23,1.37,6.27,4.2,70.04,86.48,0,0.61,30,timeout
90,18,0.56,4.76,0.55,1.77,6.45,4.39,132.59,85.45,0,0.61,30,timeout
90,19,0.62,4.81,1.7,0.17,6.92,4.65,209.37,85.06,0,0.61,30,timeout
90,20,0.86,4.55,1.32,1.96,7.21,4.97,217.08,83.97,0,0.61,30,timeout
90,21,0.34,4.8,1.81,1.53,7.39,5.07,32.19,83.19,0,0.61,30,timeout
90,22,0.38,4.13,0.93,0.13,7.41,5.26,78.11,82.03,0,0.61,30,timeout
90,23,0.58,4.94,1.62,0.54,7.73,5.31,132.19,81.04,0,0.61,30,timeout
90,24,0.63,4.28,1.28,1.57,8.12,5.55,313.53,80.38,0,0.61,30,timeout
90,25,0.32,4.96,1.64,0.97,8.55,5.67,48.18,80.04,0,0.61,30,timeout
90,26,0.67,2.22,1.94,1.75,8.64,6.05,67.17,79.65,0,0.61,30,timeout
90,27,0.8,4.96,0.13,0.22,8.77,6.49,93.85,79.04,0,0.61,30,timeout
90,28,0.58,4.66,0.77,1.95,9.17,6.93,250.55,78.68,0,0.61,30,timeout
90,29,0.94,4.06,0.81,1.98,9.66,7.22,172.23,78.26,0,0.61,30,timeout
91,0,0.52,4.19,0.87,0.12,0.49,0.4,26.82,98.89,0,0.36,24,success
91,1,0.99,4.86,0.5,1.33,0.96,0.65,73.64,97.95,0,0.36,24,success
91,2,1.77,4.89,1.77,1.35,1.25,1.11,285.44,97.13,0,0.36,24,success
91,3,0.38,4.96,0.5,1.77,1.69,1.49,71.66,96.03,0,0.36,24,success
91,4,0.4,4.89,0.3,0.47,1.74,1.57,137.02,95.02,0,0.36,24,success
91,5,0.68,4.82,0.45,1.06,1.99,1.76,339.62,94.06,0,0.36,24,success
91,6,1.99,4.04,1.01,0.14,2.49,2.02,154.79,93.24,0,0.36,24,success
91,7,0.6,4.17,1.1,1.17,2.79,2.15,263.28,92.45,0,0.36,24,success
91,8,1.16,4.93,1.18,1.92,2.84,2.44,54.91,91.75,0,0.36,24,success
91,9,0.81,4.5,0.83,1.73,3.02,2.59,258.67,90.6,0,0.36,24,success
91,10,1.85,4.9,1.71,0.53,3.5,2.74,192.9,89.88,0,0.36,24,success
91,11,0.47,4.65,1.11,1.33,3.68,3.0,130.43,89.45,0,0.36,24,success
91,12,0.31,4.49,1.02,1.14,3.98,3.11,265.52,89.0,0,0.36,24,success
91,13,0.7,4.87,1.01,1.68,4.0,3.55,38.66,87.98,0,0.36,24,success
91,14,1.64,4.86,0.73,0.36,4.08,3.8,224.0,87.41,0,0.36,24,success
91,15,0.48,4.83,0.96,1.26,4.27,3.82,353.73,86.38,0,0.36,24,success
91,16,0.58,4.9,1.84,0.48,4.57,4.04,14.96,85.24,0,0.36,24,success
91,17,0.88,4.87,1.23,0.35,4.59,4.51,88.24,84.56,0,0.36,24,success
91,18,0.38,4.55,0.29,1.88,4.65,4.57,45.25,83.78,0,0.36,24,success
91,19,1.8,5.0,1.75,1.53,4.82,4.62,224.14,83.38,0,0.36,24,success
91,20,2.05,3.67,1.21,1.76,5.3,4.98,107.05,82.67,0,0.36,24,success
91,21,0.43,4.32,1.92,1.66,5.49,5.26,315.1,82.01,0,0.36,24,success
91,22,0.89,4.85,1.18,0.23,5.51,5.32,148.76,81.65,0,0.36,24,success
91,23,0.36,3.4,0.29,1.87,5.74,5.35,14.45,81.05,0,0.36,24,success
92,0,0.31,4.59,0.22,1.1,0.21,0.18,67.26,99.59,0,0.66,32,success
92,1,0.85,4.85,1.19,0.7,0.61,0.19,276.59,99.06,0,0.66,32,success
92,2,1.32,4.88,0.23,1.08,0.72,0.55,157.07,98.56,0,0.66,32,success
92,3,1.06,4.69,0.48,1.65,1.09,0.91,346.61,97.72,0,0.66,32,success
92,4,1.99,3.65,0.73,1.44,1.56,1.11,154.21,96.87,0,0.66,32,success
92,5,1.27,3.39,1.46,1.23,1.61,1.41,290.5,96.46,0,0.66,32,success
92,6,0.63,4.53,0.55,1.98,1.95,1.51,225.34,95.53,0,0.66,32,success
92,7,1.13,4.42,0.24,0.28,2.37,1.53,142.24,94.6,0,0.66,32,success
92,8,0.4,4.18,0.18,0.65,2.66,1.71,106.66,93.89,0,0.66,32,success
92,9,0.34,4.82,0.32,1.82,2.7,1.77,205.16,92.94,0,0.66,32,success
92,10,1.36,3.28,1.66,1.73,2.93,1.93,140.44,92.26,0,0.66,32,success
92,11,0.36,3.67,1.24,1.18,3.42,2.15,112.37,91.91,0,0.66,32,success
92,12,0.43,4.29,0.51,1.26,3.87,2.59,326.2,91.15,0,0.66,32,success
92,13,1.91,4.91,1.29,1.83,4.07,2.6,204.86,90.47,0,0.66,32,success
92,14,0.67,2.97,1.74,0.51,4.3,2.95,267.38,90.1,0,0.66,32,success
92,15,1.43,4.97,0.59,1.41,4.55,3.39,218.63,89.24,0,0.66,32,success
92,16,0.48,4.98,1.5,0.14,4.68,3.66,26.92,88.7,0,0.66,32,success
92,17,0.57,4.33,1.51,1.86,5.08,3.82,75.64,87.9,0,0.66,32,success
92,18,0.98,4.99,1.15,1.03,5.08,4.16,233.08,86.99,0,0.66,32,success
92,19,0.36,4.89,0.46,0.48,5.57,4.26,240.94,86.63,0,0.66,32,success
92,20,1.72,4.83,0.12,1.59,5.9,4.65,241.69,85.68,0,0.66,32,success
92,21,0.7,3.47,1.83,0.28,5.95,4.79,296.33,85.11,0,0.66,32,success
92,22,0.88,4.58,1.61,0.83,6.26,4.83,210.71,84.17,0,0.66,32,success
92,23,0.37,4.9,0.46,1.55,6.59,5.2,354.09,83.73,0,0.66,32,success
92,24,0.37,4.93,0.52,1.72,6.86,5.33,22.77,83.34,0,0.66,32,success
92,25,1.28,4.65,1.34,0.99,7.07,5.45,285.4,82.88,0,0.66,32,success
92,26,1.22,4.86,1.84,1.39,7.55,5.81,232.68,81.88,0,0.66,32,success
92,27,1.61,3.93,1.05,1.15,7.83,6.08,145.81,80.85,0,0.66,32,success
92,28,0.44,4.98,1.16,1.31,8.05,6.5,233.82,80.09,0,0.66,32,success
92,29,0.91,4.76,1.85,1.49,8.1,6.67,50.9,79.63,0,0.66,32,success
92,30,0.72,4.26,0.54,0.5,8.27,6.93,135.33,78.55,0,0.66,32,success
92,31,0.69,4.32,0.83,1.95,8.64,7.37,347.19,77.99,0,0.66,32,success
93,0,0.77,4.82,1.98,1.46,0.13,0.13,237.56,98.98,0,0.14,24,collision
93,1,0.97,4.79,1.62,1.16,0.5,0.29,2.87,98.3,0,0.14,24,collision
93,2,1.25,4.95,1.15,1.95,0.96,0.37,356.22,97.13,0,0.14,24,collision
93,3,0.5,4.1,0.19,1.32,1.07,0.55,232.97,96.4,1,0.14,24,collision
93,4,0.44,4.26,0.48,1.27,1.37,0.61,171.48,96.1,0,0.14,24,collision
93,5,0.63,4.87,0.6,1.32,1.48,0.77,153.25,95.09,0,0.14,24,collision
93,6,1.59,4.46,0.65,1.47,1.78,1.18,134.43,94.73,0,0.14,24,collision
93,7,0.52,4.8,1.16,1.76,1.91,1.6,351.13,94.07,0,0.14,24,collision
93,8,0.92,4.41,0.12,0.74,2.33,1.69,83.07,93.57,1,0.14,24,collision
93,9,1.24,4.66,0.31,0.1,2.63,1.85,185.45,92.63,0,0.14,24,collision
93,10,0.5,4.87,1.7,0.14,2.87,2.04,1.13,92.28,1,0.14,24,collision
93,11,1.31,4.36,0.43,1.17,3.17,2.23,106.68,91.51,0,0.14,24,collision
93,12,1.07,4.88,1.14,0.21,3.18,2.32,124.66,91.08,0,0.14,24,collision
93,13,0.53,5.0,0.84,0.49,3.34,2.81,95.21,90.48,0,0.14,24,collision
93,14,1.07,4.58,0.92,1.22,3.42,3.03,71.22,89.47,0,0.14,24,collision
93,15,0.68,4.77,1.19,0.26,3.72,3.08,64.37,89.03,0,0.14,24,collision
93,16,1.62,4.56,0.26,1.53,4.15,3.29,141.84,88.22,0,0.14,24,collision
93,17,0.51,4.04,0.54,0.81,4.33,3.68,60.25,87.71,0,0.14,24,collision
93,18,1.23,3.98,1.13,0.21,4.73,4.16,126.74,86.74,0,0.14,24,collision
93,19,0.52,4.83,1.49,1.6,5.15,4.19,66.01,86.38,0,0.14,24,collision
93,20,1.79,3.97,0.76,1.57,5.52,4.36,249.25,85.46,0,0.14,24,collision
93,21,0.51,4.9,0.39,1.85,5.65,4.56,203.37,84.27,0,0.14,24,collision
93,22,0.51,4.37,1.46,1.6,5.81,4.96,271.19,83.7,0,0.14,24,collision
93,23,0.32,4.49,1.68,0.52,5.85,5.11,278.37,83.16,0,0.14,24,collision
94,0,0.5,3.22,0.26,0.88,0.37,0.31,68.83,98.97,0,0.46,13,success
94,1,0.36,4.23,0.42,0.55,0.4,0.33,121.74,98.18,0,0.46,13,success
94,2,0.44,4.96,0.72,1.67,0.72,0.56,236.66,97.85,0,0.46,13,success
94,3,0.4,4.85,0.42,1.11,0.99,1.04,283.92,97.25,0,0.46,13,success
94,4,1.08,4.39,1.76,0.36,1.43,1.18,218.62,96.34,0,0.46,13,success
94,5,0.43,4.6,0.46,1.94,1.58,1.44,122.98,95.84,0,0.46,13,success
94,6,1.57,4.25,0.73,1.36,1.69,1.86,209.34,95.38,0,0.46,13,success
94,7,2.05,4.94,0.49,1.53,1.83,2.19,132.11,94.32,0,0.46,13,success
94,8,1.83,4.71,1.95,0.63,2.13,2.53,146.83,93.24,0,0.46,13,success
94,9,0.9,4.25,0.42,1.12,2.6,2.73,205.98,92.14,0,0.46,13,success
94,10,0.51,4.44,0.1,0.55,2.98,3.11,320.14,91.18,0,0.46,13,success
94,11,0.57,3.74,1.94,1.3,3.4,3.56,143.38,90.81,0,0.46,13,success
94,12,1.35,4.38,1.58,0.97,3.88,3.99,342.09,90.41,0,0.46,13,success
95,0,0.39,4.64,0.3,0.2,0.37,0.23,132.48,98.91,0,0.76,46,success
95,1,0.8,4.77,1.1,1.44,0.64,0.72,101.09,97.99,0,0.76,46,success
95,2,1.24,3.26,0.77,1.2,0.9,1.06,41.8,97.07,0,0.76,46,success
95,3,0.44,3.23,1.39,0.55,1.38,1.5,266.57,96.2,0,0.76,46,success
95,4,1.35,4.9,1.58,0.97,1.87,1.83,248.46,95.21,0,0.76,46,success
95,5,0.49,3.16,1.04,1.57,1.9,2.04,268.97,94.44,0,0.76,46,success
95,6,0.87,3.44,1.51,1.17,2.14,2.18,240.96,93.77,0,0.76,46,success
95,7,1.09,4.35,0.55,1.0,2.57,2.54,104.94,93.33,0,0.76,46,success
95,8,1.14,4.51,0.12,0.37,2.77,2.81,250.93,92.87,0,0.76,46,success
95,9,0.65,4.13,0.25,0.76,3.06,3.18,309.17,92.46,0,0.76,46,success
95,10,0.42,4.46,1.42,0.95,3.48,3.37,93.1,91.65,0,0.76,46,success
95,11,1.66,4.7,0.37,0.44,3.67,3.7,66.12,91.12,0,0.76,46,success
95,12,0.75,4.98,1.62,0.69,4.1,3.88,70.86,90.49,0,0.76,46,success
95,13,0.35,4.54,0.21,0.44,4.16,4.3,342.35,89.59,0,0.76,46,success
95,14,1.9,4.0,0.65,0.39,4.5,4.54,208.87,88.61,0,0.76,46,success
95,15,1.05,3.92,1.37,1.84,4.6,4.97,125.82,88.23,0,0.76,46,success
95,16,1.28,4.99,1.8,0.88,4.78,5.15,312.9,87.78,0,0.76,46,success
95,17,1.5,4.87,0.46,1.9,5.07,5.38,92.58,86.94,0,0.76,46,success
95,18,0.69,4.02,1.9,1.04,5.33,5.56,156.03,85.89,0,0.76,46,success
95,19,0.61,4.9,1.31,1.79,5.76,5.9,341.06,85.04,0,0.76,46,success
95,20,1.09,4.76,1.4,0.33,5.8,6.26,25.0,83.98,0,0.76,46,success
95,21,0.61,4.46,1.8,1.59,5.93,6.28,46.39,83.55,0,0.76,46,success
95,22,0.7,4.29,0.94,1.22,6.15,6.66,270.46,82.83,0,0.76,46,success
95,23,2.12,4.08,1.3,1.25,6.31,6.78,161.56,82.07,0,0.76,46,success
95,24,0.8,4.7,1.59,1.73,6.76,7.18,306.78,81.19,0,0.76,46,success
95,25,0.44,4.85,0.7,1.03,7.13,7.48,317.46,80.65,0,0.76,46,success
95,26,2.82,4.8,0.48,1.86,7.3,7.84,213.16,80.13,0,0.76,46,success
95,27,0.88,4.96,0.73,0.21,7.58,8.3,96.06,79.28,0,0.76,46,success
95,28,0.75,4.05,1.65,0.25,7.67,8.57,87.38,78.33,0,0.76,46,success
95,29,2.01,4.05,0.79,1.73,7.8,8.87,99.99,77.79,0,0.76,46,success
95,30,0.59,4.94,0.79,0.62,7.81,8.91,355.82,76.72,0,0.76,46,success
95,31,1.03,4.93,1.58,0.3,8.06,9.32,110.97,75.69,0,0.76,46,success
95,32,0.78,3.59,0.22,1.39,8.19,9.46,181.39,74.77,0,0.76,46,success
95,33,0.91,4.1,1.0,1.08,8.24,9.77,324.18,74.17,0,0.76,46,success
95,34,0.78,3.95,0.31,0.78,8.65,10.05,202.21,73.05,0,0.76,46,success
95,35,1.25,4.27,1.93,0.67,8.89,10.52,134.95,72.58,0,0.76,46,success
95,36,1.41,4.52,1.57,1.35,9.36,11.0,349.12,71.39,0,0.76,46,success
95,37,0.6,3.91,0.17,0.25,9.46,11.11,101.33,70.82,0,0.76,46,success
95,38,0.68,4.85,0.2,0.2,9.5,11.38,172.87,70.14,0,0.76,46,success
95,39,0.72,4.98,1.05,1.82,9.65,11.59,156.31,69.78,0,0.76,46,success
95,40,0.35,4.03,1.7,0.65,9.68,11.77,275.2,69.38,0,0.76,46,success
95,41,0.53,4.4,1.66,0.87,9.94,11.81,204.8,68.84,0,0.76,46,success
95,42,0.37,4.09,1.28,0.11,10.09,11.95,76.7,67.8,0,0.76,46,success
95,43,1.04,4.6,1.92,1.41,10.35,12.45,351.44,67.49,0,0.76,46,success
95,44,2.04,4.92,1.32,1.66,10.71,12.89,87.28,67.0,0,0.76,46,success
95,45,1.84,4.08,0.7,0.38,11.02,12.97,93.21,66.64,0,0.76,46,success
96,0,0.68,4.59,0.75,1.2,0.16,0.35,107.28,98.82,0,0.89,27,collision
96,1,0.41,4.82,0.89,0.86,0.27,0.53,71.85,97.67,0,0.89,27,collision
96,2,0.32,4.78,0.96,1.17,0.67,0.97,83.29,96.56,0,0.89,27,collision
96,3,0.62,4.0,0.57,1.47,1.15,1.08,53.45,95.49,1,0.89,27,collision
96,4,0.45,4.65,1.54,1.55,1.33,1.35,209.89,94.32,0,0.89,27,collision
96,5,0.56,4.71,1.75,1.43,1.75,1.82,119.88,93.99,0,0.89,27,collision
96,6,0.33,5.0,1.61,0.72,1.75,2.05,63.09,93.53,0,0.89,27,collision
96,7,0.81,4.08,0.68,0.63,1.92,2.08,136.16,92.34,0,0.89,27,collision
96,8,1.94,4.58,0.31,0.6,2.06,2.4,55.72,91.37,0,0.89,27,collision
96,9,0.8,4.39,0.13,1.2,2.42,2.87,71.57,90.74,0,0.89,27,collision
96,10,0.36,3.67,0.13,1.88,2.44,2.94,102.86,90.13,0,0.89,27,collision
96,11,1.31,4.79,1.86,0.12,2.59,3.39,302.46,89.68,0,0.89,27,collision
96,12,1.04,4.87,1.94,0.35,3.0,3.83,322.41,89.34,0,0.89,27,collision
96,13,0.48,4.86,0.47,1.11,3.36,4.22,125.8,88.32,1,0.89,27,collision
96,14,0.87,4.55,0.21,1.94,3.41,4.7,244.5,87.55,0,0.89,27,collision
96,15,0.49,4.45,1.15,0.63,3.9,4.92,256.63,86.75,0,0.89,27,collision
96,16,0.47,4.05,1.99,0.67,4.1,5.13,283.99,85.62,0,0.89,27,collision
96,17,0.3,4.56,1.53,1.15,4.32,5.13,142.45,85.04,0,0.89,27,collision
96,18,0.3,4.37,0.13,0.88,4.49,5.32,237.35,84.6,0,0.89,27,collision
96,19,0.4,4.59,1.45,0.73,4.6,5.51,198.78,84.07,0,0.89,27,collision
96,20,1.42,4.19,0.47,1.39,4.97,5.79,63.1,82.9,0,0.89,27,collision
96,21,0.58,4.91,1.57,1.97,5.18,6.22,282.93,81.98,0,0.89,27,collision
96,22,1.13,4.64,1.59,1.95,5.51,6.6,358.99,81.15,0,0.89,27,collision
96,23,1.54,4.55,0.73,0.93,5.73,6.64,203.88,80.04,0,0.89,27,collision
96,24,0.63,4.33,1.29,0.64,6.03,7.06,208.37,79.06,0,0.89,27,collision
96,25,0.5,4.72,1.01,1.92,6.18,7.08,269.02,78.03,0,0.89,27,collision
96,26,0.88,4.59,1.49,1.94,6.32,7.45,273.4,77.06,0,0.89,27,collision
97,0,0.64,4.58,1.86,0.38,0.36,0.44,88.1,99.18,0,0.43,14,timeout
97,1,1.57,5.0,1.4,1.05,0.52,0.7,210.91,98.49,0,0.43,14,timeout
97,2,0.91,4.82,0.48,1.63,0.73,1.19,161.59,97.43,0,0.43,14,timeout
97,3,0.96,4.92,0.24,0.91,0.92,1.49,70.46,96.56,0,0.43,14,timeout
97,4,1.33,4.4,1.79,1.51,1.08,1.82,27.63,95.44,0,0.43,14,timeout
97,5,0.88,4.12,0.82,1.66,1.28,1.94,177.33,94.32,1,0.43,14,timeout
97,6,0.57,3.86,1.74,0.83,1.34,2.1,15.14,93.6,0,0.43,14,timeout
97,7,0.81,4.72,1.42,1.46,1.54,2.59,100.69,93.12,0,0.43,14,timeout
97,8,0.43,4.99,0.39,0.72,1.81,2.59,77.23,91.97,0,0.43,14,timeout
97,9,0.46,4.0,1.45,0.78,1.93,2.99,273.5,90.94,0,0.43,14,timeout
97,10,0.56,4.96,1.13,1.35,2.27,3.44,148.54,89.78,0,0.43,14,timeout
97,11,0.76,4.18,1.82,1.77,2.71,3.85,205.16,89.46,0,0.43,14,timeout
97,12,1.46,4.24,1.71,0.95,2.83,3.92,64.05,88.9,0,0.43,14,timeout
97,13,0.58,4.97,0.44,0.57,2.98,4.33,56.41,88.55,0,0.43,14,timeout
98,0,0.56,4.23,1.65,1.18,0.08,0.2,294.54,99.55,0,0.72,30,success
98,1,0.51,4.52,0.2,0.34,0.18,0.46,167.12,99.17,0,0.72,30,success
98,2,0.81,3.49,1.12,1.82,0.6,0.54,82.45,98.24,0,0.72,30,success
98,3,0.86,3.54,0.43,0.39,0.9,0.97,297.22,97.83,0,0.72,30,success
98,4,0.63,4.78,0.33,1.13,0.92,1.12,3.18,96.92,0,0.72,30,success
98,5,0.89,4.71,0.96,0.88,1.22,1.6,50.17,96.38,0,0.72,30,success
98,6,1.03,4.65,1.99,1.91,1.26,1.81,291.49,95.46,0,0.72,30,success
98,7,0.92,4.92,0.81,1.59,1.61,2.0,257.08,94.94,0,0.72,30,success
98,8,0.59,4.65,0.34,1.85,2.05,2.19,142.48,94.32,0,0.72,30,success
98,9,0.39,4.7,1.8,0.7,2.43,2.27,345.69,93.69,0,0.72,30,success
98,10,1.48,4.56,0.16,1.62,2.72,2.68,322.74,93.24,0,0.72,30,success
98,11,0.49,4.91,0.87,0.59,3.01,3.02,17.57,92.7,0,0.72,30,success
98,12,1.11,4.76,1.82,1.39,3.17,3.42,236.25,92.02,0,0.72,30,success
98,13,0.37,4.98,1.03,1.28,3.28,3.89,240.17,91.62,0,0.72,30,success
98,14,0.48,4.09,1.0,0.29,3.73,4.3,74.32,90.65,0,0.72,30,success
98,15,0.45,4.88,1.49,0.24,3.91,4.4,175.56,90.16,0,0.72,30,success
98,16,1.33,4.94,0.6,1.32,4.12,4.56,358.23,89.21,0,0.72,30,success
98,17,0.66,4.94,0.98,0.69,4.25,4.95,339.2,88.21,0,0.72,30,success
98,18,0.55,4.44,0.32,0.27,4.74,5.37,195.68,87.68,0,0.72,30,success
98,19,0.9,4.64,1.77,0.58,4.93,5.74,198.19,86.92,0,0.72,30,success
98,20,0.67,2.59,1.65,0.26,5.42,6.23,18.94,86.25,0,0.72,30,success
98,21,0.65,4.96,0.36,1.46,5.49,6.67,165.02,85.12,0,0.72,30,success
98,22,1.12,4.79,0.13,1.87,5.8,6.9,99.12,84.43,0,0.72,30,success
98,23,0.3,3.99,1.3,1.82,5.84,6.99,202.86,83.41,0,0.72,30,success
98,24,0.9,4.96,0.76,0.32,6.26,7.08,13.71,83.01,0,0.72,30,success
98,25,1.35,3.96,0.85,0.14,6.52,7.25,57.23,82.02,0,0.72,30,success
98,26,0.49,4.75,0.79,0.41,6.7,7.73,11.73,81.16,0,0.72,30,success
98,27,0.59,3.68,1.47,1.08,7.07,8.1,345.41,80.71,0,0.72,30,success
98,28,0.5,4.87,0.41,0.64,7.25,8.17,259.84,80.35,0,0.72,30,success
98,29,0.58,4.42,0.66,0.17,7.39,8.46,335.4,79.34,0,0.72,30,success
99,0,1.56,4.42,0.49,1.9,0.01,0.34,27.26,99.22,0,0.78,46,success
99,1,0.44,4.9,1.62,1.11,0.17,0.65,116.12,98.64,0,0.78,46,success
99,2,0.53,4.84,1.66,1.41,0.45,0.84,162.79,97.99,0,0.78,46,success
99,3,2.28,4.73,0.11,1.92,0.67,1.21,274.78,97.62,0,0.78,46,success
99,4,1.93,3.99,0.33,1.34,0.97,1.3,290.87,96.54,0,0.78,46,success
99,5,0.93,4.59,0.83,1.6,1.01,1.68,88.2,95.93,0,0.78,46,success
99,6,0.63,4.28,0.56,1.29,1.35,2.14,339.61,95.34,0,0.78,46,success
99,7,0.5,3.57,0.84,0.61,1.36,2.23,351.33,94.78,0,0.78,46,success
99,8,0.68,3.77,1.8,0.83,1.64,2.31,96.29,93.76,0,0.78,46,success
99,9,1.25,4.59,1.68,1.79,1.91,2.59,67.89,92.84,0,0.78,46,success
99,10,0.98,4.86,0.87,1.86,2.02,2.95,86.66,92.03,0,0.78,46,success
99,11,0.85,4.24,1.99,0.55,2.5,3.42,121.06,91.46,0,0.78,46,success
99,12,0.51,4.95,1.73,1.67,2.97,3.68,326.44,90.62,0,0.78,46,success
99,13,1.37,4.92,0.46,1.3,3.36,4.07,229.78,89.72,0,0.78,46,success
99,14,0.72,4.28,0.98,0.22,3.75,4.44,130.96,88.67,0,0.78,46,success
99,15,0.49,4.66,1.43,0.37,3.77,4.85,105.81,87.59,0,0.78,46,success
99,16,0.73,4.76,0.78,1.04,4.27,4.85,154.43,86.86,0,0.78,46,success
99,17,0.51,3.69,1.26,1.41,4.32,4.93,47.88,86.19,0,0.78,46,success
99,18,0.61,3.75,1.22,1.39,4.6,4.97,270.76,85.19,0,0.78,46,success
99,19,0.93,4.67,1.99,0.41,5.02,5.18,325.98,84.64,0,0.78,46,success
99,20,0.43,4.21,0.93,0.92,5.39,5.5,319.16,84.26,0,0.78,46,success
99,21,0.41,4.84,1.55,1.22,5.86,5.75,79.66,83.49,0,0.78,46,success
99,22,2.41,4.55,0.48,1.86,6.0,5.88,60.76,83.13,0,0.78,46,success
99,23,0.7,4.33,0.47,0.21,6.14,6.01,239.86,82.32,0,0.78,46,success
99,24,0.49,4.73,0.32,0.33,6.62,6.16,172.85,81.47,0,0.78,46,success
99,25,0.79,4.82,0.38,0.36,6.63,6.54,235.85,80.45,0,0.78,46,success
99,26,0.46,4.49,0.77,0.7,6.92,6.58,89.04,80.01,0,0.78,46,success
99,27,1.12,4.66,0.63,1.46,7.37,6.71,319.47,79.18,0,0.78,46,success
99,28,0.56,4.02,1.62,0.58,7.82,7.12,179.97,78.11,0,0.78,46,success
99,29,1.1,4.02,0.41,1.98,8.28,7.21,243.04,77.34,0,0.78,46,success
99,30,0.47,4.6,0.5,1.47,8.59,7.63,314.2,76.58,0,0.78,46,success
99,31,0.4,4.92,1.69,1.89,8.95,7.98,141.13,75.5,0,0.78,46,success
99,32,0.83,4.54,1.64,0.76,9.05,8.04,305.79,74.57,0,0.78,46,success
99,33,0.41,4.78,0.65,1.57,9.35,8.32,67.62,73.93,0,0.78,46,success
99,34,1.02,5.0,0.29,1.37,9.47,8.41,143.67,73.29,0,0.78,46,success
99,35,0.84,3.56,1.02,1.11,9.6,8.89,156.11,72.73,0,0.78,46,success
99,36,0.98,4.22,1.72,0.44,9.76,9.36,235.52,72.04,0,0.78,46,success
99,37,0.42,4.86,0.84,0.82,10.02,9.43,323.49,71.62,0,0.78,46,success
99,38,0.35,4.22,0.14,1.33,10.39,9.77,287.48,70.92,0,0.78,46,success
99,39,1.17,4.5,0.21,1.22,10.4,9.86,254.12,70.6,0,0.78,46,success
99,40,0.52,3.51,1.7,1.98,10.49,10.01,195.71,70.13,0,0.78,46,success
99,41,0.64,4.72,1.67,1.81,10.8,10.19,290.82,69.32,0,0.78,46,success
99,42,0.55,4.41,0.53,1.24,11.26,10.63,245.43,68.82,0,0.78,46,success
99,43,1.3,4.72,0.64,0.76,11.66,11.05,203.41,68.3,0,0.78,46,success
99,44,0.96,4.69,0.54,1.66,11.99,11.23,321.93,67.45,0,0.78,46,success
99,45,2.11,3.8,1.23,1.55,12.03,11.32,199.28,67.05,0,0.78,46,success
100,0,0.81,4.87,0.54,0.57,0.43,0.0,170.53,99.61,0,0.22,10,success
100,1,1.31,4.38,1.27,1.92,0.88,0.13,275.73,98.46,0,0.22,10,success
100,2,0.66,4.69,1.15,0.83,1.28,0.36,277.6,97.54,0,0.22,10,success
100,3,0.39,4.63,0.71,0.57,1.49,0.66,217.37,97.23,0,0.22,10,success
100,4,0.42,4.89,0.69,0.42,1.79,0.95,283.34,96.87,0,0.22,10,success
100,5,0.9,4.87,0.23,1.52,1.81,1.23,330.21,96.54,0,0.22,10,success
100,6,0.55,3.89,0.94,1.71,1.88,1.23,77.54,96.09,0,0.22,10,success
100,7,1.03,4.94,1.03,1.33,2.15,1.34,108.15,95.04,0,0.22,10,success
100,8,0.62,4.74,1.45,0.14,2.25,1.39,87.55,94.29,0,0.22,10,success
100,9,0.45,4.73,1.39,0.3,2.56,1.44,238.07,93.63,0,0.22,10,success
